Name,Path to File,Sub-Theme Name,Variable Name,Description,Time Period,Climate Model,RCP,Crop,Water Supply,Input Level,Data  Units,Recommended Renderer,Download URL,File Identifier
alfa200a_eta,\res02\CRUTS32\Hist\8110L\alfa200a_eta.tif,Growth Cycle Attributes,Crop-specific actual evapotranspiration (mm),Crop-specific actual evapotranspiration (mm) for the time period 1981-2010 for Alfalfa with an Available water content of 200 mm/m (under irrigation conditions) and low input level using climate data source CRUTS32 based on Historical,1981-2010,CRUTS32,Historical,Alfalfa,Available water content of 200 mm/m (under irrigation conditions),Low,mm,Growth Cycle Attributes - Precipitation, https://s3.eu-west-1.amazonaws.com/data.gaezdev.aws.fao.org/res02/CRUTS32/Hist/8110L/alfa200a_eta.tif,000277888
alfa200b_eta,\res02\CRUTS32\Hist\8110L\alfa200b_eta.tif,Growth Cycle Attributes,Crop-specific actual evapotranspiration (mm),Crop-specific actual evapotranspiration (mm) for the time period 1981-2010 for Alfalfa with an Available water content of 200 mm/m (under rain-fed conditions) and low input level using climate data source CRUTS32 based on Historical,1981-2010,CRUTS32,Historical,Alfalfa,Available water content of 200 mm/m (under rain-fed conditions),Low,mm,Growth Cycle Attributes - Precipitation, https://s3.eu-west-1.amazonaws.com/data.gaezdev.aws.fao.org/res02/CRUTS32/Hist/8110L/alfa200b_eta.tif,000281097
bana200a_eta,\res02\CRUTS32\Hist\8110L\bana200a_eta.tif,Growth Cycle Attributes,Crop-specific actual evapotranspiration (mm),Crop-specific actual evapotranspiration (mm) for the time period 1981-2010 for Banana with an Available water content of 200 mm/m (under irrigation conditions) and low input level using climate data source CRUTS32 based on Historical,1981-2010,CRUTS32,Historical,Banana,Available water content of 200 mm/m (under irrigation conditions),Low,mm,Growth Cycle Attributes - Precipitation, https://s3.eu-west-1.amazonaws.com/data.gaezdev.aws.fao.org/res02/CRUTS32/Hist/8110L/bana200a_eta.tif,000280938
bana200b_eta,\res02\CRUTS32\Hist\8110L\bana200b_eta.tif,Growth Cycle Attributes,Crop-specific actual evapotranspiration (mm),Crop-specific actual evapotranspiration (mm) for the time period 1981-2010 for Banana with an Available water content of 200 mm/m (under rain-fed conditions) and low input level using climate data source CRUTS32 based on Historical,1981-2010,CRUTS32,Historical,Banana,Available water content of 200 mm/m (under rain-fed conditions),Low,mm,Growth Cycle Attributes - Precipitation, https://s3.eu-west-1.amazonaws.com/data.gaezdev.aws.fao.org/res02/CRUTS32/Hist/8110L/bana200b_eta.tif,000281996
barl200a_eta,\res02\CRUTS32\Hist\8110L\barl200a_eta.tif,Growth Cycle Attributes,Crop-specific actual evapotranspiration (mm),Crop-specific actual evapotranspiration (mm) for the time period 1981-2010 for Barley with an Available water content of 200 mm/m (under irrigation conditions) and low input level using climate data source CRUTS32 based on Historical,1981-2010,CRUTS32,Historical,Barley,Available water content of 200 mm/m (under irrigation conditions),Low,mm,Growth Cycle Attributes - Precipitation, https://s3.eu-west-1.amazonaws.com/data.gaezdev.aws.fao.org/res02/CRUTS32/Hist/8110L/barl200a_eta.tif,000277375
barl200b_eta,\res02\CRUTS32\Hist\8110L\barl200b_eta.tif,Growth Cycle Attributes,Crop-specific actual evapotranspiration (mm),Crop-specific actual evapotranspiration (mm) for the time period 1981-2010 for Barley with an Available water content of 200 mm/m (under rain-fed conditions) and low input level using climate data source CRUTS32 based on Historical,1981-2010,CRUTS32,Historical,Barley,Available water content of 200 mm/m (under rain-fed conditions),Low,mm,Growth Cycle Attributes - Precipitation, https://s3.eu-west-1.amazonaws.com/data.gaezdev.aws.fao.org/res02/CRUTS32/Hist/8110L/barl200b_eta.tif,000282821
bckw200a_eta,\res02\CRUTS32\Hist\8110L\bckw200a_eta.tif,Growth Cycle Attributes,Crop-specific actual evapotranspiration (mm),Crop-specific actual evapotranspiration (mm) for the time period 1981-2010 for Buckwheat with an Available water content of 200 mm/m (under irrigation conditions) and low input level using climate data source CRUTS32 based on Historical,1981-2010,CRUTS32,Historical,Buckwheat,Available water content of 200 mm/m (under irrigation conditions),Low,mm,Growth Cycle Attributes - Precipitation, https://s3.eu-west-1.amazonaws.com/data.gaezdev.aws.fao.org/res02/CRUTS32/Hist/8110L/bckw200a_eta.tif,000279040
bckw200b_eta,\res02\CRUTS32\Hist\8110L\bckw200b_eta.tif,Growth Cycle Attributes,Crop-specific actual evapotranspiration (mm),Crop-specific actual evapotranspiration (mm) for the time period 1981-2010 for Buckwheat with an Available water content of 200 mm/m (under rain-fed conditions) and low input level using climate data source CRUTS32 based on Historical,1981-2010,CRUTS32,Historical,Buckwheat,Available water content of 200 mm/m (under rain-fed conditions),Low,mm,Growth Cycle Attributes - Precipitation, https://s3.eu-west-1.amazonaws.com/data.gaezdev.aws.fao.org/res02/CRUTS32/Hist/8110L/bckw200b_eta.tif,000279498
bean200a_eta,\res02\CRUTS32\Hist\8110L\bean200a_eta.tif,Growth Cycle Attributes,Crop-specific actual evapotranspiration (mm),Crop-specific actual evapotranspiration (mm) for the time period 1981-2010 for Phaseolus bean with an Available water content of 200 mm/m (under irrigation conditions) and low input level using climate data source CRUTS32 based on Historical,1981-2010,CRUTS32,Historical,Phaseolus bean,Available water content of 200 mm/m (under irrigation conditions),Low,mm,Growth Cycle Attributes - Precipitation, https://s3.eu-west-1.amazonaws.com/data.gaezdev.aws.fao.org/res02/CRUTS32/Hist/8110L/bean200a_eta.tif,000279046
bean200b_eta,\res02\CRUTS32\Hist\8110L\bean200b_eta.tif,Growth Cycle Attributes,Crop-specific actual evapotranspiration (mm),Crop-specific actual evapotranspiration (mm) for the time period 1981-2010 for Phaseolus bean with an Available water content of 200 mm/m (under rain-fed conditions) and low input level using climate data source CRUTS32 based on Historical,1981-2010,CRUTS32,Historical,Phaseolus bean,Available water content of 200 mm/m (under rain-fed conditions),Low,mm,Growth Cycle Attributes - Precipitation, https://s3.eu-west-1.amazonaws.com/data.gaezdev.aws.fao.org/res02/CRUTS32/Hist/8110L/bean200b_eta.tif,000278097
bhsg200a_eta,\res02\CRUTS32\Hist\8110L\bhsg200a_eta.tif,Growth Cycle Attributes,Crop-specific actual evapotranspiration (mm),Crop-specific actual evapotranspiration (mm) for the time period 1981-2010 for Biomass highland sorghum with an Available water content of 200 mm/m (under irrigation conditions) and low input level using climate data source CRUTS32 based on Historical,1981-2010,CRUTS32,Historical,Biomass highland sorghum,Available water content of 200 mm/m (under irrigation conditions),Low,mm,Growth Cycle Attributes - Precipitation, https://s3.eu-west-1.amazonaws.com/data.gaezdev.aws.fao.org/res02/CRUTS32/Hist/8110L/bhsg200a_eta.tif,000278841
bhsg200b_eta,\res02\CRUTS32\Hist\8110L\bhsg200b_eta.tif,Growth Cycle Attributes,Crop-specific actual evapotranspiration (mm),Crop-specific actual evapotranspiration (mm) for the time period 1981-2010 for Biomass highland sorghum with an Available water content of 200 mm/m (under rain-fed conditions) and low input level using climate data source CRUTS32 based on Historical,1981-2010,CRUTS32,Historical,Biomass highland sorghum,Available water content of 200 mm/m (under rain-fed conditions),Low,mm,Growth Cycle Attributes - Precipitation, https://s3.eu-west-1.amazonaws.com/data.gaezdev.aws.fao.org/res02/CRUTS32/Hist/8110L/bhsg200b_eta.tif,000281493
blsg200a_eta,\res02\CRUTS32\Hist\8110L\blsg200a_eta.tif,Growth Cycle Attributes,Crop-specific actual evapotranspiration (mm),Crop-specific actual evapotranspiration (mm) for the time period 1981-2010 for Biomass lowland sorghum with an Available water content of 200 mm/m (under irrigation conditions) and low input level using climate data source CRUTS32 based on Historical,1981-2010,CRUTS32,Historical,Biomass lowland sorghum,Available water content of 200 mm/m (under irrigation conditions),Low,mm,Growth Cycle Attributes - Precipitation, https://s3.eu-west-1.amazonaws.com/data.gaezdev.aws.fao.org/res02/CRUTS32/Hist/8110L/blsg200a_eta.tif,000282424
blsg200b_eta,\res02\CRUTS32\Hist\8110L\blsg200b_eta.tif,Growth Cycle Attributes,Crop-specific actual evapotranspiration (mm),Crop-specific actual evapotranspiration (mm) for the time period 1981-2010 for Biomass lowland sorghum with an Available water content of 200 mm/m (under rain-fed conditions) and low input level using climate data source CRUTS32 based on Historical,1981-2010,CRUTS32,Historical,Biomass lowland sorghum,Available water content of 200 mm/m (under rain-fed conditions),Low,mm,Growth Cycle Attributes - Precipitation, https://s3.eu-west-1.amazonaws.com/data.gaezdev.aws.fao.org/res02/CRUTS32/Hist/8110L/blsg200b_eta.tif,000277526
bsrg200a_eta,\res02\CRUTS32\Hist\8110L\bsrg200a_eta.tif,Growth Cycle Attributes,Crop-specific actual evapotranspiration (mm),Crop-specific actual evapotranspiration (mm) for the time period 1981-2010 for Biomass sorghum with an Available water content of 200 mm/m (under irrigation conditions) and low input level using climate data source CRUTS32 based on Historical,1981-2010,CRUTS32,Historical,Biomass sorghum,Available water content of 200 mm/m (under irrigation conditions),Low,mm,Growth Cycle Attributes - Precipitation, https://s3.eu-west-1.amazonaws.com/data.gaezdev.aws.fao.org/res02/CRUTS32/Hist/8110L/bsrg200a_eta.tif,000278212
bsrg200b_eta,\res02\CRUTS32\Hist\8110L\bsrg200b_eta.tif,Growth Cycle Attributes,Crop-specific actual evapotranspiration (mm),Crop-specific actual evapotranspiration (mm) for the time period 1981-2010 for Biomass sorghum with an Available water content of 200 mm/m (under rain-fed conditions) and low input level using climate data source CRUTS32 based on Historical,1981-2010,CRUTS32,Historical,Biomass sorghum,Available water content of 200 mm/m (under rain-fed conditions),Low,mm,Growth Cycle Attributes - Precipitation, https://s3.eu-west-1.amazonaws.com/data.gaezdev.aws.fao.org/res02/CRUTS32/Hist/8110L/bsrg200b_eta.tif,000278909
btsg200a_eta,\res02\CRUTS32\Hist\8110L\btsg200a_eta.tif,Growth Cycle Attributes,Crop-specific actual evapotranspiration (mm),Crop-specific actual evapotranspiration (mm) for the time period 1981-2010 for Biomass temperate sorghum with an Available water content of 200 mm/m (under irrigation conditions) and low input level using climate data source CRUTS32 based on Historical,1981-2010,CRUTS32,Historical,Biomass temperate sorghum,Available water content of 200 mm/m (under irrigation conditions),Low,mm,Growth Cycle Attributes - Precipitation, https://s3.eu-west-1.amazonaws.com/data.gaezdev.aws.fao.org/res02/CRUTS32/Hist/8110L/btsg200a_eta.tif,000279862
btsg200b_eta,\res02\CRUTS32\Hist\8110L\btsg200b_eta.tif,Growth Cycle Attributes,Crop-specific actual evapotranspiration (mm),Crop-specific actual evapotranspiration (mm) for the time period 1981-2010 for Biomass temperate sorghum with an Available water content of 200 mm/m (under rain-fed conditions) and low input level using climate data source CRUTS32 based on Historical,1981-2010,CRUTS32,Historical,Biomass temperate sorghum,Available water content of 200 mm/m (under rain-fed conditions),Low,mm,Growth Cycle Attributes - Precipitation, https://s3.eu-west-1.amazonaws.com/data.gaezdev.aws.fao.org/res02/CRUTS32/Hist/8110L/btsg200b_eta.tif,000282537
cabb200a_eta,\res02\CRUTS32\Hist\8110L\cabb200a_eta.tif,Growth Cycle Attributes,Crop-specific actual evapotranspiration (mm),Crop-specific actual evapotranspiration (mm) for the time period 1981-2010 for Cabbage with an Available water content of 200 mm/m (under irrigation conditions) and low input level using climate data source CRUTS32 based on Historical,1981-2010,CRUTS32,Historical,Cabbage,Available water content of 200 mm/m (under irrigation conditions),Low,mm,Growth Cycle Attributes - Precipitation, https://s3.eu-west-1.amazonaws.com/data.gaezdev.aws.fao.org/res02/CRUTS32/Hist/8110L/cabb200a_eta.tif,000280386
cabb200b_eta,\res02\CRUTS32\Hist\8110L\cabb200b_eta.tif,Growth Cycle Attributes,Crop-specific actual evapotranspiration (mm),Crop-specific actual evapotranspiration (mm) for the time period 1981-2010 for Cabbage with an Available water content of 200 mm/m (under rain-fed conditions) and low input level using climate data source CRUTS32 based on Historical,1981-2010,CRUTS32,Historical,Cabbage,Available water content of 200 mm/m (under rain-fed conditions),Low,mm,Growth Cycle Attributes - Precipitation, https://s3.eu-west-1.amazonaws.com/data.gaezdev.aws.fao.org/res02/CRUTS32/Hist/8110L/cabb200b_eta.tif,000280912
carr200a_eta,\res02\CRUTS32\Hist\8110L\carr200a_eta.tif,Growth Cycle Attributes,Crop-specific actual evapotranspiration (mm),Crop-specific actual evapotranspiration (mm) for the time period 1981-2010 for Carrot with an Available water content of 200 mm/m (under irrigation conditions) and low input level using climate data source CRUTS32 based on Historical,1981-2010,CRUTS32,Historical,Carrot,Available water content of 200 mm/m (under irrigation conditions),Low,mm,Growth Cycle Attributes - Precipitation, https://s3.eu-west-1.amazonaws.com/data.gaezdev.aws.fao.org/res02/CRUTS32/Hist/8110L/carr200a_eta.tif,000280594
carr200b_eta,\res02\CRUTS32\Hist\8110L\carr200b_eta.tif,Growth Cycle Attributes,Crop-specific actual evapotranspiration (mm),Crop-specific actual evapotranspiration (mm) for the time period 1981-2010 for Carrot with an Available water content of 200 mm/m (under rain-fed conditions) and low input level using climate data source CRUTS32 based on Historical,1981-2010,CRUTS32,Historical,Carrot,Available water content of 200 mm/m (under rain-fed conditions),Low,mm,Growth Cycle Attributes - Precipitation, https://s3.eu-west-1.amazonaws.com/data.gaezdev.aws.fao.org/res02/CRUTS32/Hist/8110L/carr200b_eta.tif,000279536
casv200a_eta,\res02\CRUTS32\Hist\8110L\casv200a_eta.tif,Growth Cycle Attributes,Crop-specific actual evapotranspiration (mm),Crop-specific actual evapotranspiration (mm) for the time period 1981-2010 for Cassava with an Available water content of 200 mm/m (under irrigation conditions) and low input level using climate data source CRUTS32 based on Historical,1981-2010,CRUTS32,Historical,Cassava,Available water content of 200 mm/m (under irrigation conditions),Low,mm,Growth Cycle Attributes - Precipitation, https://s3.eu-west-1.amazonaws.com/data.gaezdev.aws.fao.org/res02/CRUTS32/Hist/8110L/casv200a_eta.tif,000279063
casv200b_eta,\res02\CRUTS32\Hist\8110L\casv200b_eta.tif,Growth Cycle Attributes,Crop-specific actual evapotranspiration (mm),Crop-specific actual evapotranspiration (mm) for the time period 1981-2010 for Cassava with an Available water content of 200 mm/m (under rain-fed conditions) and low input level using climate data source CRUTS32 based on Historical,1981-2010,CRUTS32,Historical,Cassava,Available water content of 200 mm/m (under rain-fed conditions),Low,mm,Growth Cycle Attributes - Precipitation, https://s3.eu-west-1.amazonaws.com/data.gaezdev.aws.fao.org/res02/CRUTS32/Hist/8110L/casv200b_eta.tif,000278261
chck200a_eta,\res02\CRUTS32\Hist\8110L\chck200a_eta.tif,Growth Cycle Attributes,Crop-specific actual evapotranspiration (mm),Crop-specific actual evapotranspiration (mm) for the time period 1981-2010 for Chickpea with an Available water content of 200 mm/m (under irrigation conditions) and low input level using climate data source CRUTS32 based on Historical,1981-2010,CRUTS32,Historical,Chickpea,Available water content of 200 mm/m (under irrigation conditions),Low,mm,Growth Cycle Attributes - Precipitation, https://s3.eu-west-1.amazonaws.com/data.gaezdev.aws.fao.org/res02/CRUTS32/Hist/8110L/chck200a_eta.tif,000281691
chck200b_eta,\res02\CRUTS32\Hist\8110L\chck200b_eta.tif,Growth Cycle Attributes,Crop-specific actual evapotranspiration (mm),Crop-specific actual evapotranspiration (mm) for the time period 1981-2010 for Chickpea with an Available water content of 200 mm/m (under rain-fed conditions) and low input level using climate data source CRUTS32 based on Historical,1981-2010,CRUTS32,Historical,Chickpea,Available water content of 200 mm/m (under rain-fed conditions),Low,mm,Growth Cycle Attributes - Precipitation, https://s3.eu-west-1.amazonaws.com/data.gaezdev.aws.fao.org/res02/CRUTS32/Hist/8110L/chck200b_eta.tif,000282849
citr200a_eta,\res02\CRUTS32\Hist\8110L\citr200a_eta.tif,Growth Cycle Attributes,Crop-specific actual evapotranspiration (mm),Crop-specific actual evapotranspiration (mm) for the time period 1981-2010 for Citrus with an Available water content of 200 mm/m (under irrigation conditions) and low input level using climate data source CRUTS32 based on Historical,1981-2010,CRUTS32,Historical,Citrus,Available water content of 200 mm/m (under irrigation conditions),Low,mm,Growth Cycle Attributes - Precipitation, https://s3.eu-west-1.amazonaws.com/data.gaezdev.aws.fao.org/res02/CRUTS32/Hist/8110L/citr200a_eta.tif,000280703
citr200b_eta,\res02\CRUTS32\Hist\8110L\citr200b_eta.tif,Growth Cycle Attributes,Crop-specific actual evapotranspiration (mm),Crop-specific actual evapotranspiration (mm) for the time period 1981-2010 for Citrus with an Available water content of 200 mm/m (under rain-fed conditions) and low input level using climate data source CRUTS32 based on Historical,1981-2010,CRUTS32,Historical,Citrus,Available water content of 200 mm/m (under rain-fed conditions),Low,mm,Growth Cycle Attributes - Precipitation, https://s3.eu-west-1.amazonaws.com/data.gaezdev.aws.fao.org/res02/CRUTS32/Hist/8110L/citr200b_eta.tif,000277412
cocc200a_eta,\res02\CRUTS32\Hist\8110L\cocc200a_eta.tif,Growth Cycle Attributes,Crop-specific actual evapotranspiration (mm),Crop-specific actual evapotranspiration (mm) for the time period 1981-2010 for Cocoa cumoun with an Available water content of 200 mm/m (under irrigation conditions) and low input level using climate data source CRUTS32 based on Historical,1981-2010,CRUTS32,Historical,Cocoa cumoun,Available water content of 200 mm/m (under irrigation conditions),Low,mm,Growth Cycle Attributes - Precipitation, https://s3.eu-west-1.amazonaws.com/data.gaezdev.aws.fao.org/res02/CRUTS32/Hist/8110L/cocc200a_eta.tif,000280059
cocc200b_eta,\res02\CRUTS32\Hist\8110L\cocc200b_eta.tif,Growth Cycle Attributes,Crop-specific actual evapotranspiration (mm),Crop-specific actual evapotranspiration (mm) for the time period 1981-2010 for Cocoa cumoun with an Available water content of 200 mm/m (under rain-fed conditions) and low input level using climate data source CRUTS32 based on Historical,1981-2010,CRUTS32,Historical,Cocoa cumoun,Available water content of 200 mm/m (under rain-fed conditions),Low,mm,Growth Cycle Attributes - Precipitation, https://s3.eu-west-1.amazonaws.com/data.gaezdev.aws.fao.org/res02/CRUTS32/Hist/8110L/cocc200b_eta.tif,000282900
coch200a_eta,\res02\CRUTS32\Hist\8110L\coch200a_eta.tif,Growth Cycle Attributes,Crop-specific actual evapotranspiration (mm),Crop-specific actual evapotranspiration (mm) for the time period 1981-2010 for Cocoa hybrid with an Available water content of 200 mm/m (under irrigation conditions) and low input level using climate data source CRUTS32 based on Historical,1981-2010,CRUTS32,Historical,Cocoa hybrid,Available water content of 200 mm/m (under irrigation conditions),Low,mm,Growth Cycle Attributes - Precipitation, https://s3.eu-west-1.amazonaws.com/data.gaezdev.aws.fao.org/res02/CRUTS32/Hist/8110L/coch200a_eta.tif,000280163
coch200b_eta,\res02\CRUTS32\Hist\8110L\coch200b_eta.tif,Growth Cycle Attributes,Crop-specific actual evapotranspiration (mm),Crop-specific actual evapotranspiration (mm) for the time period 1981-2010 for Cocoa hybrid with an Available water content of 200 mm/m (under rain-fed conditions) and low input level using climate data source CRUTS32 based on Historical,1981-2010,CRUTS32,Historical,Cocoa hybrid,Available water content of 200 mm/m (under rain-fed conditions),Low,mm,Growth Cycle Attributes - Precipitation, https://s3.eu-west-1.amazonaws.com/data.gaezdev.aws.fao.org/res02/CRUTS32/Hist/8110L/coch200b_eta.tif,000281341
cocn200a_eta,\res02\CRUTS32\Hist\8110L\cocn200a_eta.tif,Growth Cycle Attributes,Crop-specific actual evapotranspiration (mm),Crop-specific actual evapotranspiration (mm) for the time period 1981-2010 for Coconut with an Available water content of 200 mm/m (under irrigation conditions) and low input level using climate data source CRUTS32 based on Historical,1981-2010,CRUTS32,Historical,Coconut,Available water content of 200 mm/m (under irrigation conditions),Low,mm,Growth Cycle Attributes - Precipitation, https://s3.eu-west-1.amazonaws.com/data.gaezdev.aws.fao.org/res02/CRUTS32/Hist/8110L/cocn200a_eta.tif,000279261
cocn200b_eta,\res02\CRUTS32\Hist\8110L\cocn200b_eta.tif,Growth Cycle Attributes,Crop-specific actual evapotranspiration (mm),Crop-specific actual evapotranspiration (mm) for the time period 1981-2010 for Coconut with an Available water content of 200 mm/m (under rain-fed conditions) and low input level using climate data source CRUTS32 based on Historical,1981-2010,CRUTS32,Historical,Coconut,Available water content of 200 mm/m (under rain-fed conditions),Low,mm,Growth Cycle Attributes - Precipitation, https://s3.eu-west-1.amazonaws.com/data.gaezdev.aws.fao.org/res02/CRUTS32/Hist/8110L/cocn200b_eta.tif,000279860
coco200a_eta,\res02\CRUTS32\Hist\8110L\coco200a_eta.tif,Growth Cycle Attributes,Crop-specific actual evapotranspiration (mm),Crop-specific actual evapotranspiration (mm) for the time period 1981-2010 for Cocoa with an Available water content of 200 mm/m (under irrigation conditions) and low input level using climate data source CRUTS32 based on Historical,1981-2010,CRUTS32,Historical,Cocoa,Available water content of 200 mm/m (under irrigation conditions),Low,mm,Growth Cycle Attributes - Precipitation, https://s3.eu-west-1.amazonaws.com/data.gaezdev.aws.fao.org/res02/CRUTS32/Hist/8110L/coco200a_eta.tif,000278418
coco200b_eta,\res02\CRUTS32\Hist\8110L\coco200b_eta.tif,Growth Cycle Attributes,Crop-specific actual evapotranspiration (mm),Crop-specific actual evapotranspiration (mm) for the time period 1981-2010 for Cocoa with an Available water content of 200 mm/m (under rain-fed conditions) and low input level using climate data source CRUTS32 based on Historical,1981-2010,CRUTS32,Historical,Cocoa,Available water content of 200 mm/m (under rain-fed conditions),Low,mm,Growth Cycle Attributes - Precipitation, https://s3.eu-west-1.amazonaws.com/data.gaezdev.aws.fao.org/res02/CRUTS32/Hist/8110L/coco200b_eta.tif,000280334
cofa200a_eta,\res02\CRUTS32\Hist\8110L\cofa200a_eta.tif,Growth Cycle Attributes,Crop-specific actual evapotranspiration (mm),Crop-specific actual evapotranspiration (mm) for the time period 1981-2010 for Coffee arabica with an Available water content of 200 mm/m (under irrigation conditions) and low input level using climate data source CRUTS32 based on Historical,1981-2010,CRUTS32,Historical,Coffee arabica,Available water content of 200 mm/m (under irrigation conditions),Low,mm,Growth Cycle Attributes - Precipitation, https://s3.eu-west-1.amazonaws.com/data.gaezdev.aws.fao.org/res02/CRUTS32/Hist/8110L/cofa200a_eta.tif,000282290
cofa200b_eta,\res02\CRUTS32\Hist\8110L\cofa200b_eta.tif,Growth Cycle Attributes,Crop-specific actual evapotranspiration (mm),Crop-specific actual evapotranspiration (mm) for the time period 1981-2010 for Coffee arabica with an Available water content of 200 mm/m (under rain-fed conditions) and low input level using climate data source CRUTS32 based on Historical,1981-2010,CRUTS32,Historical,Coffee arabica,Available water content of 200 mm/m (under rain-fed conditions),Low,mm,Growth Cycle Attributes - Precipitation, https://s3.eu-west-1.amazonaws.com/data.gaezdev.aws.fao.org/res02/CRUTS32/Hist/8110L/cofa200b_eta.tif,000279904
coff200a_eta,\res02\CRUTS32\Hist\8110L\coff200a_eta.tif,Growth Cycle Attributes,Crop-specific actual evapotranspiration (mm),Crop-specific actual evapotranspiration (mm) for the time period 1981-2010 for Coffee with an Available water content of 200 mm/m (under irrigation conditions) and low input level using climate data source CRUTS32 based on Historical,1981-2010,CRUTS32,Historical,Coffee,Available water content of 200 mm/m (under irrigation conditions),Low,mm,Growth Cycle Attributes - Precipitation, https://s3.eu-west-1.amazonaws.com/data.gaezdev.aws.fao.org/res02/CRUTS32/Hist/8110L/coff200a_eta.tif,000282516
coff200b_eta,\res02\CRUTS32\Hist\8110L\coff200b_eta.tif,Growth Cycle Attributes,Crop-specific actual evapotranspiration (mm),Crop-specific actual evapotranspiration (mm) for the time period 1981-2010 for Coffee with an Available water content of 200 mm/m (under rain-fed conditions) and low input level using climate data source CRUTS32 based on Historical,1981-2010,CRUTS32,Historical,Coffee,Available water content of 200 mm/m (under rain-fed conditions),Low,mm,Growth Cycle Attributes - Precipitation, https://s3.eu-west-1.amazonaws.com/data.gaezdev.aws.fao.org/res02/CRUTS32/Hist/8110L/coff200b_eta.tif,000280363
cofr200a_eta,\res02\CRUTS32\Hist\8110L\cofr200a_eta.tif,Growth Cycle Attributes,Crop-specific actual evapotranspiration (mm),Crop-specific actual evapotranspiration (mm) for the time period 1981-2010 for Coffee robusta with an Available water content of 200 mm/m (under irrigation conditions) and low input level using climate data source CRUTS32 based on Historical,1981-2010,CRUTS32,Historical,Coffee robusta,Available water content of 200 mm/m (under irrigation conditions),Low,mm,Growth Cycle Attributes - Precipitation, https://s3.eu-west-1.amazonaws.com/data.gaezdev.aws.fao.org/res02/CRUTS32/Hist/8110L/cofr200a_eta.tif,000279004
cofr200b_eta,\res02\CRUTS32\Hist\8110L\cofr200b_eta.tif,Growth Cycle Attributes,Crop-specific actual evapotranspiration (mm),Crop-specific actual evapotranspiration (mm) for the time period 1981-2010 for Coffee robusta with an Available water content of 200 mm/m (under rain-fed conditions) and low input level using climate data source CRUTS32 based on Historical,1981-2010,CRUTS32,Historical,Coffee robusta,Available water content of 200 mm/m (under rain-fed conditions),Low,mm,Growth Cycle Attributes - Precipitation, https://s3.eu-west-1.amazonaws.com/data.gaezdev.aws.fao.org/res02/CRUTS32/Hist/8110L/cofr200b_eta.tif,000278919
cott200a_eta,\res02\CRUTS32\Hist\8110L\cott200a_eta.tif,Growth Cycle Attributes,Crop-specific actual evapotranspiration (mm),Crop-specific actual evapotranspiration (mm) for the time period 1981-2010 for Cotton with an Available water content of 200 mm/m (under irrigation conditions) and low input level using climate data source CRUTS32 based on Historical,1981-2010,CRUTS32,Historical,Cotton,Available water content of 200 mm/m (under irrigation conditions),Low,mm,Growth Cycle Attributes - Precipitation, https://s3.eu-west-1.amazonaws.com/data.gaezdev.aws.fao.org/res02/CRUTS32/Hist/8110L/cott200a_eta.tif,000282318
cott200b_eta,\res02\CRUTS32\Hist\8110L\cott200b_eta.tif,Growth Cycle Attributes,Crop-specific actual evapotranspiration (mm),Crop-specific actual evapotranspiration (mm) for the time period 1981-2010 for Cotton with an Available water content of 200 mm/m (under rain-fed conditions) and low input level using climate data source CRUTS32 based on Historical,1981-2010,CRUTS32,Historical,Cotton,Available water content of 200 mm/m (under rain-fed conditions),Low,mm,Growth Cycle Attributes - Precipitation, https://s3.eu-west-1.amazonaws.com/data.gaezdev.aws.fao.org/res02/CRUTS32/Hist/8110L/cott200b_eta.tif,000279707
cowp200a_eta,\res02\CRUTS32\Hist\8110L\cowp200a_eta.tif,Growth Cycle Attributes,Crop-specific actual evapotranspiration (mm),Crop-specific actual evapotranspiration (mm) for the time period 1981-2010 for Cowpea with an Available water content of 200 mm/m (under irrigation conditions) and low input level using climate data source CRUTS32 based on Historical,1981-2010,CRUTS32,Historical,Cowpea,Available water content of 200 mm/m (under irrigation conditions),Low,mm,Growth Cycle Attributes - Precipitation, https://s3.eu-west-1.amazonaws.com/data.gaezdev.aws.fao.org/res02/CRUTS32/Hist/8110L/cowp200a_eta.tif,000277274
cowp200b_eta,\res02\CRUTS32\Hist\8110L\cowp200b_eta.tif,Growth Cycle Attributes,Crop-specific actual evapotranspiration (mm),Crop-specific actual evapotranspiration (mm) for the time period 1981-2010 for Cowpea with an Available water content of 200 mm/m (under rain-fed conditions) and low input level using climate data source CRUTS32 based on Historical,1981-2010,CRUTS32,Historical,Cowpea,Available water content of 200 mm/m (under rain-fed conditions),Low,mm,Growth Cycle Attributes - Precipitation, https://s3.eu-west-1.amazonaws.com/data.gaezdev.aws.fao.org/res02/CRUTS32/Hist/8110L/cowp200b_eta.tif,000280638
cyam200a_eta,\res02\CRUTS32\Hist\8110L\cyam200a_eta.tif,Growth Cycle Attributes,Crop-specific actual evapotranspiration (mm),Crop-specific actual evapotranspiration (mm) for the time period 1981-2010 for Cocoyam with an Available water content of 200 mm/m (under irrigation conditions) and low input level using climate data source CRUTS32 based on Historical,1981-2010,CRUTS32,Historical,Cocoyam,Available water content of 200 mm/m (under irrigation conditions),Low,mm,Growth Cycle Attributes - Precipitation, https://s3.eu-west-1.amazonaws.com/data.gaezdev.aws.fao.org/res02/CRUTS32/Hist/8110L/cyam200a_eta.tif,000279804
cyam200b_eta,\res02\CRUTS32\Hist\8110L\cyam200b_eta.tif,Growth Cycle Attributes,Crop-specific actual evapotranspiration (mm),Crop-specific actual evapotranspiration (mm) for the time period 1981-2010 for Cocoyam with an Available water content of 200 mm/m (under rain-fed conditions) and low input level using climate data source CRUTS32 based on Historical,1981-2010,CRUTS32,Historical,Cocoyam,Available water content of 200 mm/m (under rain-fed conditions),Low,mm,Growth Cycle Attributes - Precipitation, https://s3.eu-west-1.amazonaws.com/data.gaezdev.aws.fao.org/res02/CRUTS32/Hist/8110L/cyam200b_eta.tif,000280542
dpea200a_eta,\res02\CRUTS32\Hist\8110L\dpea200a_eta.tif,Growth Cycle Attributes,Crop-specific actual evapotranspiration (mm),Crop-specific actual evapotranspiration (mm) for the time period 1981-2010 for Dry pea with an Available water content of 200 mm/m (under irrigation conditions) and low input level using climate data source CRUTS32 based on Historical,1981-2010,CRUTS32,Historical,Dry pea,Available water content of 200 mm/m (under irrigation conditions),Low,mm,Growth Cycle Attributes - Precipitation, https://s3.eu-west-1.amazonaws.com/data.gaezdev.aws.fao.org/res02/CRUTS32/Hist/8110L/dpea200a_eta.tif,000279995
dpea200b_eta,\res02\CRUTS32\Hist\8110L\dpea200b_eta.tif,Growth Cycle Attributes,Crop-specific actual evapotranspiration (mm),Crop-specific actual evapotranspiration (mm) for the time period 1981-2010 for Dry pea with an Available water content of 200 mm/m (under rain-fed conditions) and low input level using climate data source CRUTS32 based on Historical,1981-2010,CRUTS32,Historical,Dry pea,Available water content of 200 mm/m (under rain-fed conditions),Low,mm,Growth Cycle Attributes - Precipitation, https://s3.eu-west-1.amazonaws.com/data.gaezdev.aws.fao.org/res02/CRUTS32/Hist/8110L/dpea200b_eta.tif,000279868
flax200a_eta,\res02\CRUTS32\Hist\8110L\flax200a_eta.tif,Growth Cycle Attributes,Crop-specific actual evapotranspiration (mm),Crop-specific actual evapotranspiration (mm) for the time period 1981-2010 for Flax with an Available water content of 200 mm/m (under irrigation conditions) and low input level using climate data source CRUTS32 based on Historical,1981-2010,CRUTS32,Historical,Flax,Available water content of 200 mm/m (under irrigation conditions),Low,mm,Growth Cycle Attributes - Precipitation, https://s3.eu-west-1.amazonaws.com/data.gaezdev.aws.fao.org/res02/CRUTS32/Hist/8110L/flax200a_eta.tif,000279346
flax200b_eta,\res02\CRUTS32\Hist\8110L\flax200b_eta.tif,Growth Cycle Attributes,Crop-specific actual evapotranspiration (mm),Crop-specific actual evapotranspiration (mm) for the time period 1981-2010 for Flax with an Available water content of 200 mm/m (under rain-fed conditions) and low input level using climate data source CRUTS32 based on Historical,1981-2010,CRUTS32,Historical,Flax,Available water content of 200 mm/m (under rain-fed conditions),Low,mm,Growth Cycle Attributes - Precipitation, https://s3.eu-west-1.amazonaws.com/data.gaezdev.aws.fao.org/res02/CRUTS32/Hist/8110L/flax200b_eta.tif,000280029
fmlt200a_eta,\res02\CRUTS32\Hist\8110L\fmlt200a_eta.tif,Growth Cycle Attributes,Crop-specific actual evapotranspiration (mm),Crop-specific actual evapotranspiration (mm) for the time period 1981-2010 for Foxtail millet with an Available water content of 200 mm/m (under irrigation conditions) and low input level using climate data source CRUTS32 based on Historical,1981-2010,CRUTS32,Historical,Foxtail millet,Available water content of 200 mm/m (under irrigation conditions),Low,mm,Growth Cycle Attributes - Precipitation, https://s3.eu-west-1.amazonaws.com/data.gaezdev.aws.fao.org/res02/CRUTS32/Hist/8110L/fmlt200a_eta.tif,000278966
fmlt200b_eta,\res02\CRUTS32\Hist\8110L\fmlt200b_eta.tif,Growth Cycle Attributes,Crop-specific actual evapotranspiration (mm),Crop-specific actual evapotranspiration (mm) for the time period 1981-2010 for Foxtail millet with an Available water content of 200 mm/m (under rain-fed conditions) and low input level using climate data source CRUTS32 based on Historical,1981-2010,CRUTS32,Historical,Foxtail millet,Available water content of 200 mm/m (under rain-fed conditions),Low,mm,Growth Cycle Attributes - Precipitation, https://s3.eu-west-1.amazonaws.com/data.gaezdev.aws.fao.org/res02/CRUTS32/Hist/8110L/fmlt200b_eta.tif,000277449
gram200a_eta,\res02\CRUTS32\Hist\8110L\gram200a_eta.tif,Growth Cycle Attributes,Crop-specific actual evapotranspiration (mm),Crop-specific actual evapotranspiration (mm) for the time period 1981-2010 for Gram with an Available water content of 200 mm/m (under irrigation conditions) and low input level using climate data source CRUTS32 based on Historical,1981-2010,CRUTS32,Historical,Gram,Available water content of 200 mm/m (under irrigation conditions),Low,mm,Growth Cycle Attributes - Precipitation, https://s3.eu-west-1.amazonaws.com/data.gaezdev.aws.fao.org/res02/CRUTS32/Hist/8110L/gram200a_eta.tif,000282008
gram200b_eta,\res02\CRUTS32\Hist\8110L\gram200b_eta.tif,Growth Cycle Attributes,Crop-specific actual evapotranspiration (mm),Crop-specific actual evapotranspiration (mm) for the time period 1981-2010 for Gram with an Available water content of 200 mm/m (under rain-fed conditions) and low input level using climate data source CRUTS32 based on Historical,1981-2010,CRUTS32,Historical,Gram,Available water content of 200 mm/m (under rain-fed conditions),Low,mm,Growth Cycle Attributes - Precipitation, https://s3.eu-west-1.amazonaws.com/data.gaezdev.aws.fao.org/res02/CRUTS32/Hist/8110L/gram200b_eta.tif,000280101
gras200a_eta,\res02\CRUTS32\Hist\8110L\gras200a_eta.tif,Growth Cycle Attributes,Crop-specific actual evapotranspiration (mm),Crop-specific actual evapotranspiration (mm) for the time period 1981-2010 for Grass with an Available water content of 200 mm/m (under irrigation conditions) and low input level using climate data source CRUTS32 based on Historical,1981-2010,CRUTS32,Historical,Grass,Available water content of 200 mm/m (under irrigation conditions),Low,mm,Growth Cycle Attributes - Precipitation, https://s3.eu-west-1.amazonaws.com/data.gaezdev.aws.fao.org/res02/CRUTS32/Hist/8110L/gras200a_eta.tif,000281528
gras200b_eta,\res02\CRUTS32\Hist\8110L\gras200b_eta.tif,Growth Cycle Attributes,Crop-specific actual evapotranspiration (mm),Crop-specific actual evapotranspiration (mm) for the time period 1981-2010 for Grass with an Available water content of 200 mm/m (under rain-fed conditions) and low input level using climate data source CRUTS32 based on Historical,1981-2010,CRUTS32,Historical,Grass,Available water content of 200 mm/m (under rain-fed conditions),Low,mm,Growth Cycle Attributes - Precipitation, https://s3.eu-west-1.amazonaws.com/data.gaezdev.aws.fao.org/res02/CRUTS32/Hist/8110L/gras200b_eta.tif,000277805
grlg200a_eta,\res02\CRUTS32\Hist\8110L\grlg200a_eta.tif,Growth Cycle Attributes,Crop-specific actual evapotranspiration (mm),Crop-specific actual evapotranspiration (mm) for the time period 1981-2010 for Pasture legumes with an Available water content of 200 mm/m (under irrigation conditions) and low input level using climate data source CRUTS32 based on Historical,1981-2010,CRUTS32,Historical,Pasture legumes,Available water content of 200 mm/m (under irrigation conditions),Low,mm,Growth Cycle Attributes - Precipitation, https://s3.eu-west-1.amazonaws.com/data.gaezdev.aws.fao.org/res02/CRUTS32/Hist/8110L/grlg200a_eta.tif,000281578
grlg200b_eta,\res02\CRUTS32\Hist\8110L\grlg200b_eta.tif,Growth Cycle Attributes,Crop-specific actual evapotranspiration (mm),Crop-specific actual evapotranspiration (mm) for the time period 1981-2010 for Pasture legumes with an Available water content of 200 mm/m (under rain-fed conditions) and low input level using climate data source CRUTS32 based on Historical,1981-2010,CRUTS32,Historical,Pasture legumes,Available water content of 200 mm/m (under rain-fed conditions),Low,mm,Growth Cycle Attributes - Precipitation, https://s3.eu-west-1.amazonaws.com/data.gaezdev.aws.fao.org/res02/CRUTS32/Hist/8110L/grlg200b_eta.tif,000282105
grnd200a_eta,\res02\CRUTS32\Hist\8110L\grnd200a_eta.tif,Growth Cycle Attributes,Crop-specific actual evapotranspiration (mm),Crop-specific actual evapotranspiration (mm) for the time period 1981-2010 for Groundnut with an Available water content of 200 mm/m (under irrigation conditions) and low input level using climate data source CRUTS32 based on Historical,1981-2010,CRUTS32,Historical,Groundnut,Available water content of 200 mm/m (under irrigation conditions),Low,mm,Growth Cycle Attributes - Precipitation, https://s3.eu-west-1.amazonaws.com/data.gaezdev.aws.fao.org/res02/CRUTS32/Hist/8110L/grnd200a_eta.tif,000278294
grnd200b_eta,\res02\CRUTS32\Hist\8110L\grnd200b_eta.tif,Growth Cycle Attributes,Crop-specific actual evapotranspiration (mm),Crop-specific actual evapotranspiration (mm) for the time period 1981-2010 for Groundnut with an Available water content of 200 mm/m (under rain-fed conditions) and low input level using climate data source CRUTS32 based on Historical,1981-2010,CRUTS32,Historical,Groundnut,Available water content of 200 mm/m (under rain-fed conditions),Low,mm,Growth Cycle Attributes - Precipitation, https://s3.eu-west-1.amazonaws.com/data.gaezdev.aws.fao.org/res02/CRUTS32/Hist/8110L/grnd200b_eta.tif,000282401
gyam200a_eta,\res02\CRUTS32\Hist\8110L\gyam200a_eta.tif,Growth Cycle Attributes,Crop-specific actual evapotranspiration (mm),Crop-specific actual evapotranspiration (mm) for the time period 1981-2010 for Greater yam with an Available water content of 200 mm/m (under irrigation conditions) and low input level using climate data source CRUTS32 based on Historical,1981-2010,CRUTS32,Historical,Greater yam,Available water content of 200 mm/m (under irrigation conditions),Low,mm,Growth Cycle Attributes - Precipitation, https://s3.eu-west-1.amazonaws.com/data.gaezdev.aws.fao.org/res02/CRUTS32/Hist/8110L/gyam200a_eta.tif,000279684
gyam200b_eta,\res02\CRUTS32\Hist\8110L\gyam200b_eta.tif,Growth Cycle Attributes,Crop-specific actual evapotranspiration (mm),Crop-specific actual evapotranspiration (mm) for the time period 1981-2010 for Greater yam with an Available water content of 200 mm/m (under rain-fed conditions) and low input level using climate data source CRUTS32 based on Historical,1981-2010,CRUTS32,Historical,Greater yam,Available water content of 200 mm/m (under rain-fed conditions),Low,mm,Growth Cycle Attributes - Precipitation, https://s3.eu-west-1.amazonaws.com/data.gaezdev.aws.fao.org/res02/CRUTS32/Hist/8110L/gyam200b_eta.tif,000278519
hmze200a_eta,\res02\CRUTS32\Hist\8110L\hmze200a_eta.tif,Growth Cycle Attributes,Crop-specific actual evapotranspiration (mm),Crop-specific actual evapotranspiration (mm) for the time period 1981-2010 for Highland maize with an Available water content of 200 mm/m (under irrigation conditions) and low input level using climate data source CRUTS32 based on Historical,1981-2010,CRUTS32,Historical,Highland maize,Available water content of 200 mm/m (under irrigation conditions),Low,mm,Growth Cycle Attributes - Precipitation, https://s3.eu-west-1.amazonaws.com/data.gaezdev.aws.fao.org/res02/CRUTS32/Hist/8110L/hmze200a_eta.tif,000282062
hmze200b_eta,\res02\CRUTS32\Hist\8110L\hmze200b_eta.tif,Growth Cycle Attributes,Crop-specific actual evapotranspiration (mm),Crop-specific actual evapotranspiration (mm) for the time period 1981-2010 for Highland maize with an Available water content of 200 mm/m (under rain-fed conditions) and low input level using climate data source CRUTS32 based on Historical,1981-2010,CRUTS32,Historical,Highland maize,Available water content of 200 mm/m (under rain-fed conditions),Low,mm,Growth Cycle Attributes - Precipitation, https://s3.eu-west-1.amazonaws.com/data.gaezdev.aws.fao.org/res02/CRUTS32/Hist/8110L/hmze200b_eta.tif,000279339
hsrg200a_eta,\res02\CRUTS32\Hist\8110L\hsrg200a_eta.tif,Growth Cycle Attributes,Crop-specific actual evapotranspiration (mm),Crop-specific actual evapotranspiration (mm) for the time period 1981-2010 for Highland sorghum with an Available water content of 200 mm/m (under irrigation conditions) and low input level using climate data source CRUTS32 based on Historical,1981-2010,CRUTS32,Historical,Highland sorghum,Available water content of 200 mm/m (under irrigation conditions),Low,mm,Growth Cycle Attributes - Precipitation, https://s3.eu-west-1.amazonaws.com/data.gaezdev.aws.fao.org/res02/CRUTS32/Hist/8110L/hsrg200a_eta.tif,000280630
hsrg200b_eta,\res02\CRUTS32\Hist\8110L\hsrg200b_eta.tif,Growth Cycle Attributes,Crop-specific actual evapotranspiration (mm),Crop-specific actual evapotranspiration (mm) for the time period 1981-2010 for Highland sorghum with an Available water content of 200 mm/m (under rain-fed conditions) and low input level using climate data source CRUTS32 based on Historical,1981-2010,CRUTS32,Historical,Highland sorghum,Available water content of 200 mm/m (under rain-fed conditions),Low,mm,Growth Cycle Attributes - Precipitation, https://s3.eu-west-1.amazonaws.com/data.gaezdev.aws.fao.org/res02/CRUTS32/Hist/8110L/hsrg200b_eta.tif,000279127
jatr200a_eta,\res02\CRUTS32\Hist\8110L\jatr200a_eta.tif,Growth Cycle Attributes,Crop-specific actual evapotranspiration (mm),Crop-specific actual evapotranspiration (mm) for the time period 1981-2010 for Jatropha with an Available water content of 200 mm/m (under irrigation conditions) and low input level using climate data source CRUTS32 based on Historical,1981-2010,CRUTS32,Historical,Jatropha,Available water content of 200 mm/m (under irrigation conditions),Low,mm,Growth Cycle Attributes - Precipitation, https://s3.eu-west-1.amazonaws.com/data.gaezdev.aws.fao.org/res02/CRUTS32/Hist/8110L/jatr200a_eta.tif,000281268
jatr200b_eta,\res02\CRUTS32\Hist\8110L\jatr200b_eta.tif,Growth Cycle Attributes,Crop-specific actual evapotranspiration (mm),Crop-specific actual evapotranspiration (mm) for the time period 1981-2010 for Jatropha with an Available water content of 200 mm/m (under rain-fed conditions) and low input level using climate data source CRUTS32 based on Historical,1981-2010,CRUTS32,Historical,Jatropha,Available water content of 200 mm/m (under rain-fed conditions),Low,mm,Growth Cycle Attributes - Precipitation, https://s3.eu-west-1.amazonaws.com/data.gaezdev.aws.fao.org/res02/CRUTS32/Hist/8110L/jatr200b_eta.tif,000279064
lmze200a_eta,\res02\CRUTS32\Hist\8110L\lmze200a_eta.tif,Growth Cycle Attributes,Crop-specific actual evapotranspiration (mm),Crop-specific actual evapotranspiration (mm) for the time period 1981-2010 for Lowland maize with an Available water content of 200 mm/m (under irrigation conditions) and low input level using climate data source CRUTS32 based on Historical,1981-2010,CRUTS32,Historical,Lowland maize,Available water content of 200 mm/m (under irrigation conditions),Low,mm,Growth Cycle Attributes - Precipitation, https://s3.eu-west-1.amazonaws.com/data.gaezdev.aws.fao.org/res02/CRUTS32/Hist/8110L/lmze200a_eta.tif,000280933
lmze200b_eta,\res02\CRUTS32\Hist\8110L\lmze200b_eta.tif,Growth Cycle Attributes,Crop-specific actual evapotranspiration (mm),Crop-specific actual evapotranspiration (mm) for the time period 1981-2010 for Lowland maize with an Available water content of 200 mm/m (under rain-fed conditions) and low input level using climate data source CRUTS32 based on Historical,1981-2010,CRUTS32,Historical,Lowland maize,Available water content of 200 mm/m (under rain-fed conditions),Low,mm,Growth Cycle Attributes - Precipitation, https://s3.eu-west-1.amazonaws.com/data.gaezdev.aws.fao.org/res02/CRUTS32/Hist/8110L/lmze200b_eta.tif,000282866
lsrg200a_eta,\res02\CRUTS32\Hist\8110L\lsrg200a_eta.tif,Growth Cycle Attributes,Crop-specific actual evapotranspiration (mm),Crop-specific actual evapotranspiration (mm) for the time period 1981-2010 for Lowland sorghum with an Available water content of 200 mm/m (under irrigation conditions) and low input level using climate data source CRUTS32 based on Historical,1981-2010,CRUTS32,Historical,Lowland sorghum,Available water content of 200 mm/m (under irrigation conditions),Low,mm,Growth Cycle Attributes - Precipitation, https://s3.eu-west-1.amazonaws.com/data.gaezdev.aws.fao.org/res02/CRUTS32/Hist/8110L/lsrg200a_eta.tif,000280032
lsrg200b_eta,\res02\CRUTS32\Hist\8110L\lsrg200b_eta.tif,Growth Cycle Attributes,Crop-specific actual evapotranspiration (mm),Crop-specific actual evapotranspiration (mm) for the time period 1981-2010 for Lowland sorghum with an Available water content of 200 mm/m (under rain-fed conditions) and low input level using climate data source CRUTS32 based on Historical,1981-2010,CRUTS32,Historical,Lowland sorghum,Available water content of 200 mm/m (under rain-fed conditions),Low,mm,Growth Cycle Attributes - Precipitation, https://s3.eu-west-1.amazonaws.com/data.gaezdev.aws.fao.org/res02/CRUTS32/Hist/8110L/lsrg200b_eta.tif,000279605
maiz200a_eta,\res02\CRUTS32\Hist\8110L\maiz200a_eta.tif,Growth Cycle Attributes,Crop-specific actual evapotranspiration (mm),Crop-specific actual evapotranspiration (mm) for the time period 1981-2010 for Maize with an Available water content of 200 mm/m (under irrigation conditions) and low input level using climate data source CRUTS32 based on Historical,1981-2010,CRUTS32,Historical,Maize,Available water content of 200 mm/m (under irrigation conditions),Low,mm,Growth Cycle Attributes - Precipitation, https://s3.eu-west-1.amazonaws.com/data.gaezdev.aws.fao.org/res02/CRUTS32/Hist/8110L/maiz200a_eta.tif,000277049
maiz200b_eta,\res02\CRUTS32\Hist\8110L\maiz200b_eta.tif,Growth Cycle Attributes,Crop-specific actual evapotranspiration (mm),Crop-specific actual evapotranspiration (mm) for the time period 1981-2010 for Maize with an Available water content of 200 mm/m (under rain-fed conditions) and low input level using climate data source CRUTS32 based on Historical,1981-2010,CRUTS32,Historical,Maize,Available water content of 200 mm/m (under rain-fed conditions),Low,mm,Growth Cycle Attributes - Precipitation, https://s3.eu-west-1.amazonaws.com/data.gaezdev.aws.fao.org/res02/CRUTS32/Hist/8110L/maiz200b_eta.tif,000277673
misc200a_eta,\res02\CRUTS32\Hist\8110L\misc200a_eta.tif,Growth Cycle Attributes,Crop-specific actual evapotranspiration (mm),Crop-specific actual evapotranspiration (mm) for the time period 1981-2010 for Miscanthus with an Available water content of 200 mm/m (under irrigation conditions) and low input level using climate data source CRUTS32 based on Historical,1981-2010,CRUTS32,Historical,Miscanthus,Available water content of 200 mm/m (under irrigation conditions),Low,mm,Growth Cycle Attributes - Precipitation, https://s3.eu-west-1.amazonaws.com/data.gaezdev.aws.fao.org/res02/CRUTS32/Hist/8110L/misc200a_eta.tif,000277488
misc200b_eta,\res02\CRUTS32\Hist\8110L\misc200b_eta.tif,Growth Cycle Attributes,Crop-specific actual evapotranspiration (mm),Crop-specific actual evapotranspiration (mm) for the time period 1981-2010 for Miscanthus with an Available water content of 200 mm/m (under rain-fed conditions) and low input level using climate data source CRUTS32 based on Historical,1981-2010,CRUTS32,Historical,Miscanthus,Available water content of 200 mm/m (under rain-fed conditions),Low,mm,Growth Cycle Attributes - Precipitation, https://s3.eu-west-1.amazonaws.com/data.gaezdev.aws.fao.org/res02/CRUTS32/Hist/8110L/misc200b_eta.tif,000282315
mllt200a_eta,\res02\CRUTS32\Hist\8110L\mllt200a_eta.tif,Growth Cycle Attributes,Crop-specific actual evapotranspiration (mm),Crop-specific actual evapotranspiration (mm) for the time period 1981-2010 for Millet with an Available water content of 200 mm/m (under irrigation conditions) and low input level using climate data source CRUTS32 based on Historical,1981-2010,CRUTS32,Historical,Millet,Available water content of 200 mm/m (under irrigation conditions),Low,mm,Growth Cycle Attributes - Precipitation, https://s3.eu-west-1.amazonaws.com/data.gaezdev.aws.fao.org/res02/CRUTS32/Hist/8110L/mllt200a_eta.tif,000278716
mllt200b_eta,\res02\CRUTS32\Hist\8110L\mllt200b_eta.tif,Growth Cycle Attributes,Crop-specific actual evapotranspiration (mm),Crop-specific actual evapotranspiration (mm) for the time period 1981-2010 for Millet with an Available water content of 200 mm/m (under rain-fed conditions) and low input level using climate data source CRUTS32 based on Historical,1981-2010,CRUTS32,Historical,Millet,Available water content of 200 mm/m (under rain-fed conditions),Low,mm,Growth Cycle Attributes - Precipitation, https://s3.eu-west-1.amazonaws.com/data.gaezdev.aws.fao.org/res02/CRUTS32/Hist/8110L/mllt200b_eta.tif,000281158
mzsi200a_eta,\res02\CRUTS32\Hist\8110L\mzsi200a_eta.tif,Growth Cycle Attributes,Crop-specific actual evapotranspiration (mm),Crop-specific actual evapotranspiration (mm) for the time period 1981-2010 for Silage maize with an Available water content of 200 mm/m (under irrigation conditions) and low input level using climate data source CRUTS32 based on Historical,1981-2010,CRUTS32,Historical,Silage maize,Available water content of 200 mm/m (under irrigation conditions),Low,mm,Growth Cycle Attributes - Precipitation, https://s3.eu-west-1.amazonaws.com/data.gaezdev.aws.fao.org/res02/CRUTS32/Hist/8110L/mzsi200a_eta.tif,000281172
mzsi200b_eta,\res02\CRUTS32\Hist\8110L\mzsi200b_eta.tif,Growth Cycle Attributes,Crop-specific actual evapotranspiration (mm),Crop-specific actual evapotranspiration (mm) for the time period 1981-2010 for Silage maize with an Available water content of 200 mm/m (under rain-fed conditions) and low input level using climate data source CRUTS32 based on Historical,1981-2010,CRUTS32,Historical,Silage maize,Available water content of 200 mm/m (under rain-fed conditions),Low,mm,Growth Cycle Attributes - Precipitation, https://s3.eu-west-1.amazonaws.com/data.gaezdev.aws.fao.org/res02/CRUTS32/Hist/8110L/mzsi200b_eta.tif,000280935
oats200a_eta,\res02\CRUTS32\Hist\8110L\oats200a_eta.tif,Growth Cycle Attributes,Crop-specific actual evapotranspiration (mm),Crop-specific actual evapotranspiration (mm) for the time period 1981-2010 for Oat with an Available water content of 200 mm/m (under irrigation conditions) and low input level using climate data source CRUTS32 based on Historical,1981-2010,CRUTS32,Historical,Oat,Available water content of 200 mm/m (under irrigation conditions),Low,mm,Growth Cycle Attributes - Precipitation, https://s3.eu-west-1.amazonaws.com/data.gaezdev.aws.fao.org/res02/CRUTS32/Hist/8110L/oats200a_eta.tif,000278995
oats200b_eta,\res02\CRUTS32\Hist\8110L\oats200b_eta.tif,Growth Cycle Attributes,Crop-specific actual evapotranspiration (mm),Crop-specific actual evapotranspiration (mm) for the time period 1981-2010 for Oat with an Available water content of 200 mm/m (under rain-fed conditions) and low input level using climate data source CRUTS32 based on Historical,1981-2010,CRUTS32,Historical,Oat,Available water content of 200 mm/m (under rain-fed conditions),Low,mm,Growth Cycle Attributes - Precipitation, https://s3.eu-west-1.amazonaws.com/data.gaezdev.aws.fao.org/res02/CRUTS32/Hist/8110L/oats200b_eta.tif,000279511
oilp200a_eta,\res02\CRUTS32\Hist\8110L\oilp200a_eta.tif,Growth Cycle Attributes,Crop-specific actual evapotranspiration (mm),Crop-specific actual evapotranspiration (mm) for the time period 1981-2010 for Oil palm with an Available water content of 200 mm/m (under irrigation conditions) and low input level using climate data source CRUTS32 based on Historical,1981-2010,CRUTS32,Historical,Oil palm,Available water content of 200 mm/m (under irrigation conditions),Low,mm,Growth Cycle Attributes - Precipitation, https://s3.eu-west-1.amazonaws.com/data.gaezdev.aws.fao.org/res02/CRUTS32/Hist/8110L/oilp200a_eta.tif,000280676
oilp200b_eta,\res02\CRUTS32\Hist\8110L\oilp200b_eta.tif,Growth Cycle Attributes,Crop-specific actual evapotranspiration (mm),Crop-specific actual evapotranspiration (mm) for the time period 1981-2010 for Oil palm with an Available water content of 200 mm/m (under rain-fed conditions) and low input level using climate data source CRUTS32 based on Historical,1981-2010,CRUTS32,Historical,Oil palm,Available water content of 200 mm/m (under rain-fed conditions),Low,mm,Growth Cycle Attributes - Precipitation, https://s3.eu-west-1.amazonaws.com/data.gaezdev.aws.fao.org/res02/CRUTS32/Hist/8110L/oilp200b_eta.tif,000278458
oliv200a_eta,\res02\CRUTS32\Hist\8110L\oliv200a_eta.tif,Growth Cycle Attributes,Crop-specific actual evapotranspiration (mm),Crop-specific actual evapotranspiration (mm) for the time period 1981-2010 for Olive with an Available water content of 200 mm/m (under irrigation conditions) and low input level using climate data source CRUTS32 based on Historical,1981-2010,CRUTS32,Historical,Olive,Available water content of 200 mm/m (under irrigation conditions),Low,mm,Growth Cycle Attributes - Precipitation, https://s3.eu-west-1.amazonaws.com/data.gaezdev.aws.fao.org/res02/CRUTS32/Hist/8110L/oliv200a_eta.tif,000282005
oliv200b_eta,\res02\CRUTS32\Hist\8110L\oliv200b_eta.tif,Growth Cycle Attributes,Crop-specific actual evapotranspiration (mm),Crop-specific actual evapotranspiration (mm) for the time period 1981-2010 for Olive with an Available water content of 200 mm/m (under rain-fed conditions) and low input level using climate data source CRUTS32 based on Historical,1981-2010,CRUTS32,Historical,Olive,Available water content of 200 mm/m (under rain-fed conditions),Low,mm,Growth Cycle Attributes - Precipitation, https://s3.eu-west-1.amazonaws.com/data.gaezdev.aws.fao.org/res02/CRUTS32/Hist/8110L/oliv200b_eta.tif,000279111
onio200a_eta,\res02\CRUTS32\Hist\8110L\onio200a_eta.tif,Growth Cycle Attributes,Crop-specific actual evapotranspiration (mm),Crop-specific actual evapotranspiration (mm) for the time period 1981-2010 for Onion with an Available water content of 200 mm/m (under irrigation conditions) and low input level using climate data source CRUTS32 based on Historical,1981-2010,CRUTS32,Historical,Onion,Available water content of 200 mm/m (under irrigation conditions),Low,mm,Growth Cycle Attributes - Precipitation, https://s3.eu-west-1.amazonaws.com/data.gaezdev.aws.fao.org/res02/CRUTS32/Hist/8110L/onio200a_eta.tif,000281457
onio200b_eta,\res02\CRUTS32\Hist\8110L\onio200b_eta.tif,Growth Cycle Attributes,Crop-specific actual evapotranspiration (mm),Crop-specific actual evapotranspiration (mm) for the time period 1981-2010 for Onion with an Available water content of 200 mm/m (under rain-fed conditions) and low input level using climate data source CRUTS32 based on Historical,1981-2010,CRUTS32,Historical,Onion,Available water content of 200 mm/m (under rain-fed conditions),Low,mm,Growth Cycle Attributes - Precipitation, https://s3.eu-west-1.amazonaws.com/data.gaezdev.aws.fao.org/res02/CRUTS32/Hist/8110L/onio200b_eta.tif,000281795
pigp200a_eta,\res02\CRUTS32\Hist\8110L\pigp200a_eta.tif,Growth Cycle Attributes,Crop-specific actual evapotranspiration (mm),Crop-specific actual evapotranspiration (mm) for the time period 1981-2010 for Pigeonpea with an Available water content of 200 mm/m (under irrigation conditions) and low input level using climate data source CRUTS32 based on Historical,1981-2010,CRUTS32,Historical,Pigeonpea,Available water content of 200 mm/m (under irrigation conditions),Low,mm,Growth Cycle Attributes - Precipitation, https://s3.eu-west-1.amazonaws.com/data.gaezdev.aws.fao.org/res02/CRUTS32/Hist/8110L/pigp200a_eta.tif,000278710
pigp200b_eta,\res02\CRUTS32\Hist\8110L\pigp200b_eta.tif,Growth Cycle Attributes,Crop-specific actual evapotranspiration (mm),Crop-specific actual evapotranspiration (mm) for the time period 1981-2010 for Pigeonpea with an Available water content of 200 mm/m (under rain-fed conditions) and low input level using climate data source CRUTS32 based on Historical,1981-2010,CRUTS32,Historical,Pigeonpea,Available water content of 200 mm/m (under rain-fed conditions),Low,mm,Growth Cycle Attributes - Precipitation, https://s3.eu-west-1.amazonaws.com/data.gaezdev.aws.fao.org/res02/CRUTS32/Hist/8110L/pigp200b_eta.tif,000278219
pmlt200a_eta,\res02\CRUTS32\Hist\8110L\pmlt200a_eta.tif,Growth Cycle Attributes,Crop-specific actual evapotranspiration (mm),Crop-specific actual evapotranspiration (mm) for the time period 1981-2010 for Pearl millet with an Available water content of 200 mm/m (under irrigation conditions) and low input level using climate data source CRUTS32 based on Historical,1981-2010,CRUTS32,Historical,Pearl millet,Available water content of 200 mm/m (under irrigation conditions),Low,mm,Growth Cycle Attributes - Precipitation, https://s3.eu-west-1.amazonaws.com/data.gaezdev.aws.fao.org/res02/CRUTS32/Hist/8110L/pmlt200a_eta.tif,000278954
pmlt200b_eta,\res02\CRUTS32\Hist\8110L\pmlt200b_eta.tif,Growth Cycle Attributes,Crop-specific actual evapotranspiration (mm),Crop-specific actual evapotranspiration (mm) for the time period 1981-2010 for Pearl millet with an Available water content of 200 mm/m (under rain-fed conditions) and low input level using climate data source CRUTS32 based on Historical,1981-2010,CRUTS32,Historical,Pearl millet,Available water content of 200 mm/m (under rain-fed conditions),Low,mm,Growth Cycle Attributes - Precipitation, https://s3.eu-west-1.amazonaws.com/data.gaezdev.aws.fao.org/res02/CRUTS32/Hist/8110L/pmlt200b_eta.tif,000277640
rape200a_eta,\res02\CRUTS32\Hist\8110L\rape200a_eta.tif,Growth Cycle Attributes,Crop-specific actual evapotranspiration (mm),Crop-specific actual evapotranspiration (mm) for the time period 1981-2010 for Rapeseed with an Available water content of 200 mm/m (under irrigation conditions) and low input level using climate data source CRUTS32 based on Historical,1981-2010,CRUTS32,Historical,Rapeseed,Available water content of 200 mm/m (under irrigation conditions),Low,mm,Growth Cycle Attributes - Precipitation, https://s3.eu-west-1.amazonaws.com/data.gaezdev.aws.fao.org/res02/CRUTS32/Hist/8110L/rape200a_eta.tif,000281572
rape200b_eta,\res02\CRUTS32\Hist\8110L\rape200b_eta.tif,Growth Cycle Attributes,Crop-specific actual evapotranspiration (mm),Crop-specific actual evapotranspiration (mm) for the time period 1981-2010 for Rapeseed with an Available water content of 200 mm/m (under rain-fed conditions) and low input level using climate data source CRUTS32 based on Historical,1981-2010,CRUTS32,Historical,Rapeseed,Available water content of 200 mm/m (under rain-fed conditions),Low,mm,Growth Cycle Attributes - Precipitation, https://s3.eu-west-1.amazonaws.com/data.gaezdev.aws.fao.org/res02/CRUTS32/Hist/8110L/rape200b_eta.tif,000280683
rcgr200a_eta,\res02\CRUTS32\Hist\8110L\rcgr200a_eta.tif,Growth Cycle Attributes,Crop-specific actual evapotranspiration (mm),Crop-specific actual evapotranspiration (mm) for the time period 1981-2010 for Reed canary grass with an Available water content of 200 mm/m (under irrigation conditions) and low input level using climate data source CRUTS32 based on Historical,1981-2010,CRUTS32,Historical,Reed canary grass,Available water content of 200 mm/m (under irrigation conditions),Low,mm,Growth Cycle Attributes - Precipitation, https://s3.eu-west-1.amazonaws.com/data.gaezdev.aws.fao.org/res02/CRUTS32/Hist/8110L/rcgr200a_eta.tif,000282540
rcgr200b_eta,\res02\CRUTS32\Hist\8110L\rcgr200b_eta.tif,Growth Cycle Attributes,Crop-specific actual evapotranspiration (mm),Crop-specific actual evapotranspiration (mm) for the time period 1981-2010 for Reed canary grass with an Available water content of 200 mm/m (under rain-fed conditions) and low input level using climate data source CRUTS32 based on Historical,1981-2010,CRUTS32,Historical,Reed canary grass,Available water content of 200 mm/m (under rain-fed conditions),Low,mm,Growth Cycle Attributes - Precipitation, https://s3.eu-west-1.amazonaws.com/data.gaezdev.aws.fao.org/res02/CRUTS32/Hist/8110L/rcgr200b_eta.tif,000279506
ricd200a_eta,\res02\CRUTS32\Hist\8110L\ricd200a_eta.tif,Growth Cycle Attributes,Crop-specific actual evapotranspiration (mm),Crop-specific actual evapotranspiration (mm) for the time period 1981-2010 for Dryland rice with an Available water content of 200 mm/m (under irrigation conditions) and low input level using climate data source CRUTS32 based on Historical,1981-2010,CRUTS32,Historical,Dryland rice,Available water content of 200 mm/m (under irrigation conditions),Low,mm,Growth Cycle Attributes - Precipitation, https://s3.eu-west-1.amazonaws.com/data.gaezdev.aws.fao.org/res02/CRUTS32/Hist/8110L/ricd200a_eta.tif,000278045
ricd200b_eta,\res02\CRUTS32\Hist\8110L\ricd200b_eta.tif,Growth Cycle Attributes,Crop-specific actual evapotranspiration (mm),Crop-specific actual evapotranspiration (mm) for the time period 1981-2010 for Dryland rice with an Available water content of 200 mm/m (under rain-fed conditions) and low input level using climate data source CRUTS32 based on Historical,1981-2010,CRUTS32,Historical,Dryland rice,Available water content of 200 mm/m (under rain-fed conditions),Low,mm,Growth Cycle Attributes - Precipitation, https://s3.eu-west-1.amazonaws.com/data.gaezdev.aws.fao.org/res02/CRUTS32/Hist/8110L/ricd200b_eta.tif,000282739
ricw200a_eta,\res02\CRUTS32\Hist\8110L\ricw200a_eta.tif,Growth Cycle Attributes,Crop-specific actual evapotranspiration (mm),Crop-specific actual evapotranspiration (mm) for the time period 1981-2010 for Wetland rice with an Available water content of 200 mm/m (under irrigation conditions) and low input level using climate data source CRUTS32 based on Historical,1981-2010,CRUTS32,Historical,Wetland rice,Available water content of 200 mm/m (under irrigation conditions),Low,mm,Growth Cycle Attributes - Precipitation, https://s3.eu-west-1.amazonaws.com/data.gaezdev.aws.fao.org/res02/CRUTS32/Hist/8110L/ricw200a_eta.tif,000278853
ricw200b_eta,\res02\CRUTS32\Hist\8110L\ricw200b_eta.tif,Growth Cycle Attributes,Crop-specific actual evapotranspiration (mm),Crop-specific actual evapotranspiration (mm) for the time period 1981-2010 for Wetland rice with an Available water content of 200 mm/m (under rain-fed conditions) and low input level using climate data source CRUTS32 based on Historical,1981-2010,CRUTS32,Historical,Wetland rice,Available water content of 200 mm/m (under rain-fed conditions),Low,mm,Growth Cycle Attributes - Precipitation, https://s3.eu-west-1.amazonaws.com/data.gaezdev.aws.fao.org/res02/CRUTS32/Hist/8110L/ricw200b_eta.tif,000279528
ryes200a_eta,\res02\CRUTS32\Hist\8110L\ryes200a_eta.tif,Growth Cycle Attributes,Crop-specific actual evapotranspiration (mm),Crop-specific actual evapotranspiration (mm) for the time period 1981-2010 for Rye with an Available water content of 200 mm/m (under irrigation conditions) and low input level using climate data source CRUTS32 based on Historical,1981-2010,CRUTS32,Historical,Rye,Available water content of 200 mm/m (under irrigation conditions),Low,mm,Growth Cycle Attributes - Precipitation, https://s3.eu-west-1.amazonaws.com/data.gaezdev.aws.fao.org/res02/CRUTS32/Hist/8110L/ryes200a_eta.tif,000278105
ryes200b_eta,\res02\CRUTS32\Hist\8110L\ryes200b_eta.tif,Growth Cycle Attributes,Crop-specific actual evapotranspiration (mm),Crop-specific actual evapotranspiration (mm) for the time period 1981-2010 for Rye with an Available water content of 200 mm/m (under rain-fed conditions) and low input level using climate data source CRUTS32 based on Historical,1981-2010,CRUTS32,Historical,Rye,Available water content of 200 mm/m (under rain-fed conditions),Low,mm,Growth Cycle Attributes - Precipitation, https://s3.eu-west-1.amazonaws.com/data.gaezdev.aws.fao.org/res02/CRUTS32/Hist/8110L/ryes200b_eta.tif,000282767
sbrl200a_eta,\res02\CRUTS32\Hist\8110L\sbrl200a_eta.tif,Growth Cycle Attributes,Crop-specific actual evapotranspiration (mm),Crop-specific actual evapotranspiration (mm) for the time period 1981-2010 for Spring barley with an Available water content of 200 mm/m (under irrigation conditions) and low input level using climate data source CRUTS32 based on Historical,1981-2010,CRUTS32,Historical,Spring barley,Available water content of 200 mm/m (under irrigation conditions),Low,mm,Growth Cycle Attributes - Precipitation, https://s3.eu-west-1.amazonaws.com/data.gaezdev.aws.fao.org/res02/CRUTS32/Hist/8110L/sbrl200a_eta.tif,000282569
sbrl200b_eta,\res02\CRUTS32\Hist\8110L\sbrl200b_eta.tif,Growth Cycle Attributes,Crop-specific actual evapotranspiration (mm),Crop-specific actual evapotranspiration (mm) for the time period 1981-2010 for Spring barley with an Available water content of 200 mm/m (under rain-fed conditions) and low input level using climate data source CRUTS32 based on Historical,1981-2010,CRUTS32,Historical,Spring barley,Available water content of 200 mm/m (under rain-fed conditions),Low,mm,Growth Cycle Attributes - Precipitation, https://s3.eu-west-1.amazonaws.com/data.gaezdev.aws.fao.org/res02/CRUTS32/Hist/8110L/sbrl200b_eta.tif,000282487
sorg200a_eta,\res02\CRUTS32\Hist\8110L\sorg200a_eta.tif,Growth Cycle Attributes,Crop-specific actual evapotranspiration (mm),Crop-specific actual evapotranspiration (mm) for the time period 1981-2010 for Sorghum with an Available water content of 200 mm/m (under irrigation conditions) and low input level using climate data source CRUTS32 based on Historical,1981-2010,CRUTS32,Historical,Sorghum,Available water content of 200 mm/m (under irrigation conditions),Low,mm,Growth Cycle Attributes - Precipitation, https://s3.eu-west-1.amazonaws.com/data.gaezdev.aws.fao.org/res02/CRUTS32/Hist/8110L/sorg200a_eta.tif,000278421
sorg200b_eta,\res02\CRUTS32\Hist\8110L\sorg200b_eta.tif,Growth Cycle Attributes,Crop-specific actual evapotranspiration (mm),Crop-specific actual evapotranspiration (mm) for the time period 1981-2010 for Sorghum with an Available water content of 200 mm/m (under rain-fed conditions) and low input level using climate data source CRUTS32 based on Historical,1981-2010,CRUTS32,Historical,Sorghum,Available water content of 200 mm/m (under rain-fed conditions),Low,mm,Growth Cycle Attributes - Precipitation, https://s3.eu-west-1.amazonaws.com/data.gaezdev.aws.fao.org/res02/CRUTS32/Hist/8110L/sorg200b_eta.tif,000278374
soyb200a_eta,\res02\CRUTS32\Hist\8110L\soyb200a_eta.tif,Growth Cycle Attributes,Crop-specific actual evapotranspiration (mm),Crop-specific actual evapotranspiration (mm) for the time period 1981-2010 for Soybean with an Available water content of 200 mm/m (under irrigation conditions) and low input level using climate data source CRUTS32 based on Historical,1981-2010,CRUTS32,Historical,Soybean,Available water content of 200 mm/m (under irrigation conditions),Low,mm,Growth Cycle Attributes - Precipitation, https://s3.eu-west-1.amazonaws.com/data.gaezdev.aws.fao.org/res02/CRUTS32/Hist/8110L/soyb200a_eta.tif,000280869
soyb200b_eta,\res02\CRUTS32\Hist\8110L\soyb200b_eta.tif,Growth Cycle Attributes,Crop-specific actual evapotranspiration (mm),Crop-specific actual evapotranspiration (mm) for the time period 1981-2010 for Soybean with an Available water content of 200 mm/m (under rain-fed conditions) and low input level using climate data source CRUTS32 based on Historical,1981-2010,CRUTS32,Historical,Soybean,Available water content of 200 mm/m (under rain-fed conditions),Low,mm,Growth Cycle Attributes - Precipitation, https://s3.eu-west-1.amazonaws.com/data.gaezdev.aws.fao.org/res02/CRUTS32/Hist/8110L/soyb200b_eta.tif,000278031
spot200a_eta,\res02\CRUTS32\Hist\8110L\spot200a_eta.tif,Growth Cycle Attributes,Crop-specific actual evapotranspiration (mm),Crop-specific actual evapotranspiration (mm) for the time period 1981-2010 for Sweet potato with an Available water content of 200 mm/m (under irrigation conditions) and low input level using climate data source CRUTS32 based on Historical,1981-2010,CRUTS32,Historical,Sweet potato,Available water content of 200 mm/m (under irrigation conditions),Low,mm,Growth Cycle Attributes - Precipitation, https://s3.eu-west-1.amazonaws.com/data.gaezdev.aws.fao.org/res02/CRUTS32/Hist/8110L/spot200a_eta.tif,000282655
spot200b_eta,\res02\CRUTS32\Hist\8110L\spot200b_eta.tif,Growth Cycle Attributes,Crop-specific actual evapotranspiration (mm),Crop-specific actual evapotranspiration (mm) for the time period 1981-2010 for Sweet potato with an Available water content of 200 mm/m (under rain-fed conditions) and low input level using climate data source CRUTS32 based on Historical,1981-2010,CRUTS32,Historical,Sweet potato,Available water content of 200 mm/m (under rain-fed conditions),Low,mm,Growth Cycle Attributes - Precipitation, https://s3.eu-west-1.amazonaws.com/data.gaezdev.aws.fao.org/res02/CRUTS32/Hist/8110L/spot200b_eta.tif,000282138
srye200a_eta,\res02\CRUTS32\Hist\8110L\srye200a_eta.tif,Growth Cycle Attributes,Crop-specific actual evapotranspiration (mm),Crop-specific actual evapotranspiration (mm) for the time period 1981-2010 for Spring rye with an Available water content of 200 mm/m (under irrigation conditions) and low input level using climate data source CRUTS32 based on Historical,1981-2010,CRUTS32,Historical,Spring rye,Available water content of 200 mm/m (under irrigation conditions),Low,mm,Growth Cycle Attributes - Precipitation, https://s3.eu-west-1.amazonaws.com/data.gaezdev.aws.fao.org/res02/CRUTS32/Hist/8110L/srye200a_eta.tif,000281344
srye200b_eta,\res02\CRUTS32\Hist\8110L\srye200b_eta.tif,Growth Cycle Attributes,Crop-specific actual evapotranspiration (mm),Crop-specific actual evapotranspiration (mm) for the time period 1981-2010 for Spring rye with an Available water content of 200 mm/m (under rain-fed conditions) and low input level using climate data source CRUTS32 based on Historical,1981-2010,CRUTS32,Historical,Spring rye,Available water content of 200 mm/m (under rain-fed conditions),Low,mm,Growth Cycle Attributes - Precipitation, https://s3.eu-west-1.amazonaws.com/data.gaezdev.aws.fao.org/res02/CRUTS32/Hist/8110L/srye200b_eta.tif,000282135
sugb200a_eta,\res02\CRUTS32\Hist\8110L\sugb200a_eta.tif,Growth Cycle Attributes,Crop-specific actual evapotranspiration (mm),Crop-specific actual evapotranspiration (mm) for the time period 1981-2010 for Sugarbeet with an Available water content of 200 mm/m (under irrigation conditions) and low input level using climate data source CRUTS32 based on Historical,1981-2010,CRUTS32,Historical,Sugarbeet,Available water content of 200 mm/m (under irrigation conditions),Low,mm,Growth Cycle Attributes - Precipitation, https://s3.eu-west-1.amazonaws.com/data.gaezdev.aws.fao.org/res02/CRUTS32/Hist/8110L/sugb200a_eta.tif,000280042
sugb200b_eta,\res02\CRUTS32\Hist\8110L\sugb200b_eta.tif,Growth Cycle Attributes,Crop-specific actual evapotranspiration (mm),Crop-specific actual evapotranspiration (mm) for the time period 1981-2010 for Sugarbeet with an Available water content of 200 mm/m (under rain-fed conditions) and low input level using climate data source CRUTS32 based on Historical,1981-2010,CRUTS32,Historical,Sugarbeet,Available water content of 200 mm/m (under rain-fed conditions),Low,mm,Growth Cycle Attributes - Precipitation, https://s3.eu-west-1.amazonaws.com/data.gaezdev.aws.fao.org/res02/CRUTS32/Hist/8110L/sugb200b_eta.tif,000279540
sugc200a_eta,\res02\CRUTS32\Hist\8110L\sugc200a_eta.tif,Growth Cycle Attributes,Crop-specific actual evapotranspiration (mm),Crop-specific actual evapotranspiration (mm) for the time period 1981-2010 for Sugarcane with an Available water content of 200 mm/m (under irrigation conditions) and low input level using climate data source CRUTS32 based on Historical,1981-2010,CRUTS32,Historical,Sugarcane,Available water content of 200 mm/m (under irrigation conditions),Low,mm,Growth Cycle Attributes - Precipitation, https://s3.eu-west-1.amazonaws.com/data.gaezdev.aws.fao.org/res02/CRUTS32/Hist/8110L/sugc200a_eta.tif,000279343
sugc200b_eta,\res02\CRUTS32\Hist\8110L\sugc200b_eta.tif,Growth Cycle Attributes,Crop-specific actual evapotranspiration (mm),Crop-specific actual evapotranspiration (mm) for the time period 1981-2010 for Sugarcane with an Available water content of 200 mm/m (under rain-fed conditions) and low input level using climate data source CRUTS32 based on Historical,1981-2010,CRUTS32,Historical,Sugarcane,Available water content of 200 mm/m (under rain-fed conditions),Low,mm,Growth Cycle Attributes - Precipitation, https://s3.eu-west-1.amazonaws.com/data.gaezdev.aws.fao.org/res02/CRUTS32/Hist/8110L/sugc200b_eta.tif,000278114
sunf200a_eta,\res02\CRUTS32\Hist\8110L\sunf200a_eta.tif,Growth Cycle Attributes,Crop-specific actual evapotranspiration (mm),Crop-specific actual evapotranspiration (mm) for the time period 1981-2010 for Sunflower with an Available water content of 200 mm/m (under irrigation conditions) and low input level using climate data source CRUTS32 based on Historical,1981-2010,CRUTS32,Historical,Sunflower,Available water content of 200 mm/m (under irrigation conditions),Low,mm,Growth Cycle Attributes - Precipitation, https://s3.eu-west-1.amazonaws.com/data.gaezdev.aws.fao.org/res02/CRUTS32/Hist/8110L/sunf200a_eta.tif,000278329
sunf200b_eta,\res02\CRUTS32\Hist\8110L\sunf200b_eta.tif,Growth Cycle Attributes,Crop-specific actual evapotranspiration (mm),Crop-specific actual evapotranspiration (mm) for the time period 1981-2010 for Sunflower with an Available water content of 200 mm/m (under rain-fed conditions) and low input level using climate data source CRUTS32 based on Historical,1981-2010,CRUTS32,Historical,Sunflower,Available water content of 200 mm/m (under rain-fed conditions),Low,mm,Growth Cycle Attributes - Precipitation, https://s3.eu-west-1.amazonaws.com/data.gaezdev.aws.fao.org/res02/CRUTS32/Hist/8110L/sunf200b_eta.tif,000281770
swgr200a_eta,\res02\CRUTS32\Hist\8110L\swgr200a_eta.tif,Growth Cycle Attributes,Crop-specific actual evapotranspiration (mm),Crop-specific actual evapotranspiration (mm) for the time period 1981-2010 for Switchgrass with an Available water content of 200 mm/m (under irrigation conditions) and low input level using climate data source CRUTS32 based on Historical,1981-2010,CRUTS32,Historical,Switchgrass,Available water content of 200 mm/m (under irrigation conditions),Low,mm,Growth Cycle Attributes - Precipitation, https://s3.eu-west-1.amazonaws.com/data.gaezdev.aws.fao.org/res02/CRUTS32/Hist/8110L/swgr200a_eta.tif,000279726
swgr200b_eta,\res02\CRUTS32\Hist\8110L\swgr200b_eta.tif,Growth Cycle Attributes,Crop-specific actual evapotranspiration (mm),Crop-specific actual evapotranspiration (mm) for the time period 1981-2010 for Switchgrass with an Available water content of 200 mm/m (under rain-fed conditions) and low input level using climate data source CRUTS32 based on Historical,1981-2010,CRUTS32,Historical,Switchgrass,Available water content of 200 mm/m (under rain-fed conditions),Low,mm,Growth Cycle Attributes - Precipitation, https://s3.eu-west-1.amazonaws.com/data.gaezdev.aws.fao.org/res02/CRUTS32/Hist/8110L/swgr200b_eta.tif,000282166
swhe200a_eta,\res02\CRUTS32\Hist\8110L\swhe200a_eta.tif,Growth Cycle Attributes,Crop-specific actual evapotranspiration (mm),Crop-specific actual evapotranspiration (mm) for the time period 1981-2010 for Spring wheat with an Available water content of 200 mm/m (under irrigation conditions) and low input level using climate data source CRUTS32 based on Historical,1981-2010,CRUTS32,Historical,Spring wheat,Available water content of 200 mm/m (under irrigation conditions),Low,mm,Growth Cycle Attributes - Precipitation, https://s3.eu-west-1.amazonaws.com/data.gaezdev.aws.fao.org/res02/CRUTS32/Hist/8110L/swhe200a_eta.tif,000277159
swhe200b_eta,\res02\CRUTS32\Hist\8110L\swhe200b_eta.tif,Growth Cycle Attributes,Crop-specific actual evapotranspiration (mm),Crop-specific actual evapotranspiration (mm) for the time period 1981-2010 for Spring wheat with an Available water content of 200 mm/m (under rain-fed conditions) and low input level using climate data source CRUTS32 based on Historical,1981-2010,CRUTS32,Historical,Spring wheat,Available water content of 200 mm/m (under rain-fed conditions),Low,mm,Growth Cycle Attributes - Precipitation, https://s3.eu-west-1.amazonaws.com/data.gaezdev.aws.fao.org/res02/CRUTS32/Hist/8110L/swhe200b_eta.tif,000279763
teas200a_eta,\res02\CRUTS32\Hist\8110L\teas200a_eta.tif,Growth Cycle Attributes,Crop-specific actual evapotranspiration (mm),Crop-specific actual evapotranspiration (mm) for the time period 1981-2010 for Tea with an Available water content of 200 mm/m (under irrigation conditions) and low input level using climate data source CRUTS32 based on Historical,1981-2010,CRUTS32,Historical,Tea,Available water content of 200 mm/m (under irrigation conditions),Low,mm,Growth Cycle Attributes - Precipitation, https://s3.eu-west-1.amazonaws.com/data.gaezdev.aws.fao.org/res02/CRUTS32/Hist/8110L/teas200a_eta.tif,000279162
teas200b_eta,\res02\CRUTS32\Hist\8110L\teas200b_eta.tif,Growth Cycle Attributes,Crop-specific actual evapotranspiration (mm),Crop-specific actual evapotranspiration (mm) for the time period 1981-2010 for Tea with an Available water content of 200 mm/m (under rain-fed conditions) and low input level using climate data source CRUTS32 based on Historical,1981-2010,CRUTS32,Historical,Tea,Available water content of 200 mm/m (under rain-fed conditions),Low,mm,Growth Cycle Attributes - Precipitation, https://s3.eu-west-1.amazonaws.com/data.gaezdev.aws.fao.org/res02/CRUTS32/Hist/8110L/teas200b_eta.tif,000282053
tmze200a_eta,\res02\CRUTS32\Hist\8110L\tmze200a_eta.tif,Growth Cycle Attributes,Crop-specific actual evapotranspiration (mm),Crop-specific actual evapotranspiration (mm) for the time period 1981-2010 for Temperate maize with an Available water content of 200 mm/m (under irrigation conditions) and low input level using climate data source CRUTS32 based on Historical,1981-2010,CRUTS32,Historical,Temperate maize,Available water content of 200 mm/m (under irrigation conditions),Low,mm,Growth Cycle Attributes - Precipitation, https://s3.eu-west-1.amazonaws.com/data.gaezdev.aws.fao.org/res02/CRUTS32/Hist/8110L/tmze200a_eta.tif,000280943
tmze200b_eta,\res02\CRUTS32\Hist\8110L\tmze200b_eta.tif,Growth Cycle Attributes,Crop-specific actual evapotranspiration (mm),Crop-specific actual evapotranspiration (mm) for the time period 1981-2010 for Temperate maize with an Available water content of 200 mm/m (under rain-fed conditions) and low input level using climate data source CRUTS32 based on Historical,1981-2010,CRUTS32,Historical,Temperate maize,Available water content of 200 mm/m (under rain-fed conditions),Low,mm,Growth Cycle Attributes - Precipitation, https://s3.eu-west-1.amazonaws.com/data.gaezdev.aws.fao.org/res02/CRUTS32/Hist/8110L/tmze200b_eta.tif,000279048
toba200a_eta,\res02\CRUTS32\Hist\8110L\toba200a_eta.tif,Growth Cycle Attributes,Crop-specific actual evapotranspiration (mm),Crop-specific actual evapotranspiration (mm) for the time period 1981-2010 for Tobacco with an Available water content of 200 mm/m (under irrigation conditions) and low input level using climate data source CRUTS32 based on Historical,1981-2010,CRUTS32,Historical,Tobacco,Available water content of 200 mm/m (under irrigation conditions),Low,mm,Growth Cycle Attributes - Precipitation, https://s3.eu-west-1.amazonaws.com/data.gaezdev.aws.fao.org/res02/CRUTS32/Hist/8110L/toba200a_eta.tif,000277031
toba200b_eta,\res02\CRUTS32\Hist\8110L\toba200b_eta.tif,Growth Cycle Attributes,Crop-specific actual evapotranspiration (mm),Crop-specific actual evapotranspiration (mm) for the time period 1981-2010 for Tobacco with an Available water content of 200 mm/m (under rain-fed conditions) and low input level using climate data source CRUTS32 based on Historical,1981-2010,CRUTS32,Historical,Tobacco,Available water content of 200 mm/m (under rain-fed conditions),Low,mm,Growth Cycle Attributes - Precipitation, https://s3.eu-west-1.amazonaws.com/data.gaezdev.aws.fao.org/res02/CRUTS32/Hist/8110L/toba200b_eta.tif,000278839
toma200a_eta,\res02\CRUTS32\Hist\8110L\toma200a_eta.tif,Growth Cycle Attributes,Crop-specific actual evapotranspiration (mm),Crop-specific actual evapotranspiration (mm) for the time period 1981-2010 for Tomato with an Available water content of 200 mm/m (under irrigation conditions) and low input level using climate data source CRUTS32 based on Historical,1981-2010,CRUTS32,Historical,Tomato,Available water content of 200 mm/m (under irrigation conditions),Low,mm,Growth Cycle Attributes - Precipitation, https://s3.eu-west-1.amazonaws.com/data.gaezdev.aws.fao.org/res02/CRUTS32/Hist/8110L/toma200a_eta.tif,000277725
toma200b_eta,\res02\CRUTS32\Hist\8110L\toma200b_eta.tif,Growth Cycle Attributes,Crop-specific actual evapotranspiration (mm),Crop-specific actual evapotranspiration (mm) for the time period 1981-2010 for Tomato with an Available water content of 200 mm/m (under rain-fed conditions) and low input level using climate data source CRUTS32 based on Historical,1981-2010,CRUTS32,Historical,Tomato,Available water content of 200 mm/m (under rain-fed conditions),Low,mm,Growth Cycle Attributes - Precipitation, https://s3.eu-west-1.amazonaws.com/data.gaezdev.aws.fao.org/res02/CRUTS32/Hist/8110L/toma200b_eta.tif,000282343
tsrg200a_eta,\res02\CRUTS32\Hist\8110L\tsrg200a_eta.tif,Growth Cycle Attributes,Crop-specific actual evapotranspiration (mm),Crop-specific actual evapotranspiration (mm) for the time period 1981-2010 for Temperate sorghum with an Available water content of 200 mm/m (under irrigation conditions) and low input level using climate data source CRUTS32 based on Historical,1981-2010,CRUTS32,Historical,Temperate sorghum,Available water content of 200 mm/m (under irrigation conditions),Low,mm,Growth Cycle Attributes - Precipitation, https://s3.eu-west-1.amazonaws.com/data.gaezdev.aws.fao.org/res02/CRUTS32/Hist/8110L/tsrg200a_eta.tif,000278539
tsrg200b_eta,\res02\CRUTS32\Hist\8110L\tsrg200b_eta.tif,Growth Cycle Attributes,Crop-specific actual evapotranspiration (mm),Crop-specific actual evapotranspiration (mm) for the time period 1981-2010 for Temperate sorghum with an Available water content of 200 mm/m (under rain-fed conditions) and low input level using climate data source CRUTS32 based on Historical,1981-2010,CRUTS32,Historical,Temperate sorghum,Available water content of 200 mm/m (under rain-fed conditions),Low,mm,Growth Cycle Attributes - Precipitation, https://s3.eu-west-1.amazonaws.com/data.gaezdev.aws.fao.org/res02/CRUTS32/Hist/8110L/tsrg200b_eta.tif,000279057
wbrl200a_eta,\res02\CRUTS32\Hist\8110L\wbrl200a_eta.tif,Growth Cycle Attributes,Crop-specific actual evapotranspiration (mm),Crop-specific actual evapotranspiration (mm) for the time period 1981-2010 for Winter barley with an Available water content of 200 mm/m (under irrigation conditions) and low input level using climate data source CRUTS32 based on Historical,1981-2010,CRUTS32,Historical,Winter barley,Available water content of 200 mm/m (under irrigation conditions),Low,mm,Growth Cycle Attributes - Precipitation, https://s3.eu-west-1.amazonaws.com/data.gaezdev.aws.fao.org/res02/CRUTS32/Hist/8110L/wbrl200a_eta.tif,000279914
wbrl200b_eta,\res02\CRUTS32\Hist\8110L\wbrl200b_eta.tif,Growth Cycle Attributes,Crop-specific actual evapotranspiration (mm),Crop-specific actual evapotranspiration (mm) for the time period 1981-2010 for Winter barley with an Available water content of 200 mm/m (under rain-fed conditions) and low input level using climate data source CRUTS32 based on Historical,1981-2010,CRUTS32,Historical,Winter barley,Available water content of 200 mm/m (under rain-fed conditions),Low,mm,Growth Cycle Attributes - Precipitation, https://s3.eu-west-1.amazonaws.com/data.gaezdev.aws.fao.org/res02/CRUTS32/Hist/8110L/wbrl200b_eta.tif,000277740
whea200a_eta,\res02\CRUTS32\Hist\8110L\whea200a_eta.tif,Growth Cycle Attributes,Crop-specific actual evapotranspiration (mm),Crop-specific actual evapotranspiration (mm) for the time period 1981-2010 for Wheat with an Available water content of 200 mm/m (under irrigation conditions) and low input level using climate data source CRUTS32 based on Historical,1981-2010,CRUTS32,Historical,Wheat,Available water content of 200 mm/m (under irrigation conditions),Low,mm,Growth Cycle Attributes - Precipitation, https://s3.eu-west-1.amazonaws.com/data.gaezdev.aws.fao.org/res02/CRUTS32/Hist/8110L/whea200a_eta.tif,000281244
whea200b_eta,\res02\CRUTS32\Hist\8110L\whea200b_eta.tif,Growth Cycle Attributes,Crop-specific actual evapotranspiration (mm),Crop-specific actual evapotranspiration (mm) for the time period 1981-2010 for Wheat with an Available water content of 200 mm/m (under rain-fed conditions) and low input level using climate data source CRUTS32 based on Historical,1981-2010,CRUTS32,Historical,Wheat,Available water content of 200 mm/m (under rain-fed conditions),Low,mm,Growth Cycle Attributes - Precipitation, https://s3.eu-west-1.amazonaws.com/data.gaezdev.aws.fao.org/res02/CRUTS32/Hist/8110L/whea200b_eta.tif,000277086
wpot200a_eta,\res02\CRUTS32\Hist\8110L\wpot200a_eta.tif,Growth Cycle Attributes,Crop-specific actual evapotranspiration (mm),Crop-specific actual evapotranspiration (mm) for the time period 1981-2010 for White potato with an Available water content of 200 mm/m (under irrigation conditions) and low input level using climate data source CRUTS32 based on Historical,1981-2010,CRUTS32,Historical,White potato,Available water content of 200 mm/m (under irrigation conditions),Low,mm,Growth Cycle Attributes - Precipitation, https://s3.eu-west-1.amazonaws.com/data.gaezdev.aws.fao.org/res02/CRUTS32/Hist/8110L/wpot200a_eta.tif,000279713
wpot200b_eta,\res02\CRUTS32\Hist\8110L\wpot200b_eta.tif,Growth Cycle Attributes,Crop-specific actual evapotranspiration (mm),Crop-specific actual evapotranspiration (mm) for the time period 1981-2010 for White potato with an Available water content of 200 mm/m (under rain-fed conditions) and low input level using climate data source CRUTS32 based on Historical,1981-2010,CRUTS32,Historical,White potato,Available water content of 200 mm/m (under rain-fed conditions),Low,mm,Growth Cycle Attributes - Precipitation, https://s3.eu-west-1.amazonaws.com/data.gaezdev.aws.fao.org/res02/CRUTS32/Hist/8110L/wpot200b_eta.tif,000279164
wrye200a_eta,\res02\CRUTS32\Hist\8110L\wrye200a_eta.tif,Growth Cycle Attributes,Crop-specific actual evapotranspiration (mm),Crop-specific actual evapotranspiration (mm) for the time period 1981-2010 for Winter rye with an Available water content of 200 mm/m (under irrigation conditions) and low input level using climate data source CRUTS32 based on Historical,1981-2010,CRUTS32,Historical,Winter rye,Available water content of 200 mm/m (under irrigation conditions),Low,mm,Growth Cycle Attributes - Precipitation, https://s3.eu-west-1.amazonaws.com/data.gaezdev.aws.fao.org/res02/CRUTS32/Hist/8110L/wrye200a_eta.tif,000280078
wrye200b_eta,\res02\CRUTS32\Hist\8110L\wrye200b_eta.tif,Growth Cycle Attributes,Crop-specific actual evapotranspiration (mm),Crop-specific actual evapotranspiration (mm) for the time period 1981-2010 for Winter rye with an Available water content of 200 mm/m (under rain-fed conditions) and low input level using climate data source CRUTS32 based on Historical,1981-2010,CRUTS32,Historical,Winter rye,Available water content of 200 mm/m (under rain-fed conditions),Low,mm,Growth Cycle Attributes - Precipitation, https://s3.eu-west-1.amazonaws.com/data.gaezdev.aws.fao.org/res02/CRUTS32/Hist/8110L/wrye200b_eta.tif,000281057
wwhe200a_eta,\res02\CRUTS32\Hist\8110L\wwhe200a_eta.tif,Growth Cycle Attributes,Crop-specific actual evapotranspiration (mm),Crop-specific actual evapotranspiration (mm) for the time period 1981-2010 for Winter wheat with an Available water content of 200 mm/m (under irrigation conditions) and low input level using climate data source CRUTS32 based on Historical,1981-2010,CRUTS32,Historical,Winter wheat,Available water content of 200 mm/m (under irrigation conditions),Low,mm,Growth Cycle Attributes - Precipitation, https://s3.eu-west-1.amazonaws.com/data.gaezdev.aws.fao.org/res02/CRUTS32/Hist/8110L/wwhe200a_eta.tif,000280172
wwhe200b_eta,\res02\CRUTS32\Hist\8110L\wwhe200b_eta.tif,Growth Cycle Attributes,Crop-specific actual evapotranspiration (mm),Crop-specific actual evapotranspiration (mm) for the time period 1981-2010 for Winter wheat with an Available water content of 200 mm/m (under rain-fed conditions) and low input level using climate data source CRUTS32 based on Historical,1981-2010,CRUTS32,Historical,Winter wheat,Available water content of 200 mm/m (under rain-fed conditions),Low,mm,Growth Cycle Attributes - Precipitation, https://s3.eu-west-1.amazonaws.com/data.gaezdev.aws.fao.org/res02/CRUTS32/Hist/8110L/wwhe200b_eta.tif,000282238
wyam200a_eta,\res02\CRUTS32\Hist\8110L\wyam200a_eta.tif,Growth Cycle Attributes,Crop-specific actual evapotranspiration (mm),Crop-specific actual evapotranspiration (mm) for the time period 1981-2010 for White yam with an Available water content of 200 mm/m (under irrigation conditions) and low input level using climate data source CRUTS32 based on Historical,1981-2010,CRUTS32,Historical,White yam,Available water content of 200 mm/m (under irrigation conditions),Low,mm,Growth Cycle Attributes - Precipitation, https://s3.eu-west-1.amazonaws.com/data.gaezdev.aws.fao.org/res02/CRUTS32/Hist/8110L/wyam200a_eta.tif,000280708
wyam200b_eta,\res02\CRUTS32\Hist\8110L\wyam200b_eta.tif,Growth Cycle Attributes,Crop-specific actual evapotranspiration (mm),Crop-specific actual evapotranspiration (mm) for the time period 1981-2010 for White yam with an Available water content of 200 mm/m (under rain-fed conditions) and low input level using climate data source CRUTS32 based on Historical,1981-2010,CRUTS32,Historical,White yam,Available water content of 200 mm/m (under rain-fed conditions),Low,mm,Growth Cycle Attributes - Precipitation, https://s3.eu-west-1.amazonaws.com/data.gaezdev.aws.fao.org/res02/CRUTS32/Hist/8110L/wyam200b_eta.tif,000279561
yams200a_eta,\res02\CRUTS32\Hist\8110L\yams200a_eta.tif,Growth Cycle Attributes,Crop-specific actual evapotranspiration (mm),Crop-specific actual evapotranspiration (mm) for the time period 1981-2010 for Yam with an Available water content of 200 mm/m (under irrigation conditions) and low input level using climate data source CRUTS32 based on Historical,1981-2010,CRUTS32,Historical,Yam,Available water content of 200 mm/m (under irrigation conditions),Low,mm,Growth Cycle Attributes - Precipitation, https://s3.eu-west-1.amazonaws.com/data.gaezdev.aws.fao.org/res02/CRUTS32/Hist/8110L/yams200a_eta.tif,000277564
yams200b_eta,\res02\CRUTS32\Hist\8110L\yams200b_eta.tif,Growth Cycle Attributes,Crop-specific actual evapotranspiration (mm),Crop-specific actual evapotranspiration (mm) for the time period 1981-2010 for Yam with an Available water content of 200 mm/m (under rain-fed conditions) and low input level using climate data source CRUTS32 based on Historical,1981-2010,CRUTS32,Historical,Yam,Available water content of 200 mm/m (under rain-fed conditions),Low,mm,Growth Cycle Attributes - Precipitation, https://s3.eu-west-1.amazonaws.com/data.gaezdev.aws.fao.org/res02/CRUTS32/Hist/8110L/yams200b_eta.tif,000281679
yyam200a_eta,\res02\CRUTS32\Hist\8110L\yyam200a_eta.tif,Growth Cycle Attributes,Crop-specific actual evapotranspiration (mm),Crop-specific actual evapotranspiration (mm) for the time period 1981-2010 for Yellow yam with an Available water content of 200 mm/m (under irrigation conditions) and low input level using climate data source CRUTS32 based on Historical,1981-2010,CRUTS32,Historical,Yellow yam,Available water content of 200 mm/m (under irrigation conditions),Low,mm,Growth Cycle Attributes - Precipitation, https://s3.eu-west-1.amazonaws.com/data.gaezdev.aws.fao.org/res02/CRUTS32/Hist/8110L/yyam200a_eta.tif,000278989
yyam200b_eta,\res02\CRUTS32\Hist\8110L\yyam200b_eta.tif,Growth Cycle Attributes,Crop-specific actual evapotranspiration (mm),Crop-specific actual evapotranspiration (mm) for the time period 1981-2010 for Yellow yam with an Available water content of 200 mm/m (under rain-fed conditions) and low input level using climate data source CRUTS32 based on Historical,1981-2010,CRUTS32,Historical,Yellow yam,Available water content of 200 mm/m (under rain-fed conditions),Low,mm,Growth Cycle Attributes - Precipitation, https://s3.eu-west-1.amazonaws.com/data.gaezdev.aws.fao.org/res02/CRUTS32/Hist/8110L/yyam200b_eta.tif,000280977
